phage_id,host_species,split
AB002632.1,Vibrio_cholerae,train
AB008550.1,Pseudomonas_aeruginosa,train
AB009866.2,Staphylococcus_aureus,train
AB012573.1,Vibrio_parahaemolyticus,train
AB012574.1,Vibrio_parahaemolyticus,train
AB043678.1,Vibrio_parahaemolyticus,train
AB043679.1,Vibrio_parahaemolyticus,train
AB044554.1,Staphylococcus_aureus,train
AB063393.2,Thermus_thermophilus,train
AB102868.1,Salmonella_enterica,train
AB255436.1,Escherichia_coli,train
AB285204.1,Escherichia_coli,train
AB362338.2,Salmonella_enterica,train
AB370205.1,Staphylococcus_aureus,train
AB370268.1,Staphylococcus_aureus,train
AB426868.1,Salmonella_enterica,train
AB451219.1,Ralstonia_solanacearum,train
AB560486.1,Pseudomonas_aeruginosa,train
AB572858.1,Vibrio_cholerae,train
AB597179.1,Ralstonia_solanacearum,train
AB609718.1,Enterococcus_faecalis,train
AB626962.1,Staphylococcus_aureus,train
AB626963.1,Staphylococcus_aureus,train
AB647160.1,Helicobacter_pylori,train
AB711120.1,Bacillus_subtilis,train
AB712291.1,Enterococcus_faecalis,train
AB720063.2,Xanthomonas_citri,train
AB720064.1,Xanthomonas_citri,train
AB731695.1,Helicobacter_pylori,train
AB828698.1,Ralstonia_solanacearum,train
AB830321.1,Ralstonia_solanacearum,train
AB854109.1,Ralstonia_solanacearum,train
AB863625.1,Ralstonia_solanacearum,train
AB903967.1,Staphylococcus_aureus,train
AB910393.1,Pseudomonas_aeruginosa,train
AB931172.1,Ralstonia_solanacearum,train
AB937974.1,Ralstonia_solanacearum,train
AB971354.1,Escherichia_coli,train
AB981169.1,Ralstonia_solanacearum,train
AB981170.1,Ralstonia_solanacearum,train
AE002163.1,Chlamydia_pneumoniae,train
AF063097.1,Escherichia_coli,train
AF065411.1,Methanothermobacter_marburgensis,train
AF074945.1,Mycoplasma_arthritidis,train
AF125163.2,Vibrio_cholerae,train
AF165214.2,Pseudomonas_aeruginosa,train
AF176027.1,Salmonella_enterica,train
AF176028.1,Escherichia_coli,train
AF176029.1,Escherichia_coli,train
AF176030.1,Salmonella_enterica,train
AF176031.1,Salmonella_enterica,train
AF176032.1,Escherichia_coli,train
AF176033.1,Escherichia_coli,train
AF195902.3,Lactobacillus_johnsonii,train
AF222060.2,Halorubrum_coriense,train
AF232233.1,Pseudomonas_aeruginosa,train
AF242738.3,Lactococcus_lactis,train
AF246223.1,Mycoplasma_pulmonis,train
AF306496.1,Bdellovibrio_bacteriovorus,train
AF323668.1,Lactococcus_lactis,train
AF323669.1,Lactococcus_lactis,train
AF323670.1,Lactococcus_lactis,train
AF323671.1,Lactococcus_lactis,train
AF323672.1,Lactococcus_lactis,train
AF323673.1,Lactococcus_lactis,train
AF335538.1,Escherichia_coli,train
AF338467.2,Synechococcus_sp._WH_7805,train
AF396866.1,Myxococcus_xanthus,train
AF424781.1,Staphylococcus_aureus,train
AF424782.1,Staphylococcus_aureus,train
AF424783.1,Staphylococcus_aureus,train
AF448724.1,Sinorhizobium_meliloti,train
AF452449.2,Vibrio_cholerae,train
AF453500.3,Vibrio_cholerae,train
AF493143.1,Pseudomonas_putida,train
AF527608.1,Salmonella_enterica,train
AF547987.1,Shigella_flexneri,train
AJ131519.1,Lactobacillus_gasseri,train
AJ242593.1,Listeria_monocytogenes,train
AJ251789.2,Lactobacillus_casei,train
AJ251805.1,Yersinia_enterocolitica,train
AJ298298.1,Escherichia_coli,train
AJ312240.2,Listeria_monocytogenes,train
AJ344259.1,Sulfolobus_islandicus,train
AJ414696.1,Sulfolobus_islandicus,train
AJ536073.2,Bacillus_thuringiensis,train
AJ550635.1,Chlamydia_pecorum,train
AJ556162.1,Escherichia_coli,train
AJ560763.1,Aggregatibacter_actinomycetemcomitans,train
AJ564013.1,Yersinia_enterocolitica,train
AJ567472.1,Acidianus_hospitalis,train
AJ609634.1,Streptococcus_pneumoniae,train
AJ630128.1,Synechococcus_sp._WH_7803,train
AJ697969.1,Pseudomonas_aeruginosa,train
AJ748296.1,Sulfolobus_islandicus,train
AJ972879.2,Yersinia_enterocolitica,train
AM040673.1,Stenotrophomonas_maltophilia,train
AM156909.1,Escherichia_coli,train
AM183667.1,Yersinia_pestis,train
AM265638.1,Pseudomonas_aeruginosa,train
AM265639.1,Pseudomonas_aeruginosa,train
AM491472.1,Salmonella_enterica,train
AM749441.1,Pseudomonas_aeruginosa,train
AM910650.1,Pseudomonas_aeruginosa,train
AM910651.1,Pseudomonas_aeruginosa,train
AP000363.1,Escherichia_coli,train
AP001553.1,Staphylococcus_aureus,train
AP005153.1,Escherichia_coli,train
AP005154.1,Escherichia_coli,train
AP008953.1,Staphylococcus_aureus,train
AP008954.1,Staphylococcus_aureus,train
AP008983.1,Clostridium_botulinum,train
AP009146.1,Sodalis_glossinidius,train
AP009363.1,Staphylococcus_aureus,train
AP009390.1,Enterococcus_faecalis,train
AP009624.1,Pseudomonas_aeruginosa,train
AP011616.1,Thermus_thermophilus,train
AP011617.1,Thermus_thermophilus,train
AP013029.1,Bacillus_subtilis,train
AP013057.1,Edwardsiella_ictaluri,train
AY007505.3,Streptococcus_mitis,train
AY055382.1,Salmonella_enterica,train
AY082070.1,Clostridium_perfringens,train
AY095314.2,Vibrio_parahaemolyticus,train
AY150271.2,Salmonella_enterica,train
AY266303.2,Aeromonas_hydrophila,train
AY320035.2,Streptomyces_venezuelae,train
AY374414.2,Ralstonia_pickettii,train
AY375531.1,Aeromonas_salmonicida,train
AY394005.1,Pseudomonas_aeruginosa,train
AY453853.1,Burkholderia_pseudomallei,train
AY510084.1,Vibrio_cholerae,train
AY569307.1,Saccharolobus_solfataricus,train
AY605066.1,Lactobacillus_casei,train
AY699705.1,Streptococcus_thermophilus,train
AY730274.2,Salmonella_enterica,train
AY739900.2,Lactobacillus_delbrueckii,train
AY769964.1,Chlamydia_abortus,train
AY940168.2,Prochlorococcus_marinus,train
AY950802.1,Haloarcula_hispanica,train
AY954948.1,Staphylococcus_aureus,train
AY962392.1,Aeromonas_salmonicida,train
BK000583.1,Salmonella_enterica,train
CP000315.1,Clostridium_perfringens,train
CP000622.1,Burkholderia_thailandensis,train
CP000623.1,Burkholderia_thailandensis,train
CP000624.1,Burkholderia_pseudomallei,train
CP000625.2,Burkholderia_pseudomallei,train
CP000917.1,Escherichia_coli,train
CP002495.1,Enterococcus_faecalis,train
CP002889.1,Streptococcus_salivarius,train
CP003186.1,Thermoanaerobacterium_saccharolyticum,train
CP008753.1,Burkholderia_pseudomallei,train
CU468217.1,Azospirillum_brasilense,train
DQ003637.1,Listeria_monocytogenes,train
DQ003638.2,Listeria_monocytogenes,train
DQ003639.1,Listeria_monocytogenes,train
DQ003640.1,Listeria_monocytogenes,train
DQ003641.1,Listeria_monocytogenes,train
DQ003642.1,Listeria_monocytogenes,train
DQ113772.1,Streptococcus_pneumoniae,train
DQ114220.1,Pasteurella_multocida,train
DQ123818.2,Actinomyces_naeslundii,train
DQ126339.2,Escherichia_coli,train
DQ150593.1,Bacillus_anthracis,train
DQ221100.2,Bacillus_anthracis,train
DQ222851.1,Bacillus_anthracis,train
DQ222853.1,Bacillus_cereus,train
DQ222855.1,Bacillus_anthracis,train
DQ289555.1,Bacillus_cereus,train
DQ289556.1,Bacillus_cereus,train
DQ320509.1,Lactobacillus_gasseri,train
DQ372923.1,Kitasatospora_aureofaciens,train
DQ394806.1,Lactococcus_lactis,train
DQ394807.1,Lactococcus_lactis,train
DQ394808.1,Lactococcus_lactis,train
DQ394809.1,Lactococcus_lactis,train
DQ426904.1,Mannheimia_haemolytica,train
DQ426905.1,Mannheimia_haemolytica,train
DQ490056.1,Lactococcus_lactis,train
DQ517338.1,Staphylococcus_aureus,train
DQ674738.2,Aeromonas_media,train
DQ777876.1,Xanthomonas_oryzae,train
DQ785801.1,Sodalis_glossinidius,train
DQ832317.1,Escherichia_coli,train
DQ838728.1,Lactococcus_lactis,train
DQ873690.1,Pseudomonas_aeruginosa,train
EF056009.1,Escherichia_coli,train
EF057797.1,Vibrio_parahaemolyticus,train
EF071488.1,Pyrococcus_abyssi,train
EF116926.2,Streptococcus_suis,train
EF207558.1,Streptococcus_dysgalactiae,train
EF372997.1,Synechococcus_sp._WH_8109,train
EF380009.1,Escherichia_coli,train
EF380010.1,Escherichia_coli,train
EF380011.1,Escherichia_coli,train
EF380012.1,Escherichia_coli,train
EF380013.1,Escherichia_coli,train
EF380014.1,Escherichia_coli,train
EF380015.1,Escherichia_coli,train
EF380016.1,Escherichia_coli,train
EF380017.1,Escherichia_coli,train
EF380018.1,Escherichia_coli,train
EF380019.1,Escherichia_coli,train
EF380020.1,Escherichia_coli,train
EF380021.1,Escherichia_coli,train
EF380022.1,Escherichia_coli,train
EF380023.1,Escherichia_coli,train
EF380024.1,Escherichia_coli,train
EF380025.1,Escherichia_coli,train
EF380026.1,Escherichia_coli,train
EF380027.1,Escherichia_coli,train
EF380028.1,Escherichia_coli,train
EF380029.1,Escherichia_coli,train
EF380030.1,Escherichia_coli,train
EF380031.1,Escherichia_coli,train
EF380032.1,Escherichia_coli,train
EF437941.1,Escherichia_coli,train
EF455602.1,Lactobacillus_delbrueckii,train
EF523948.1,Burkholderia_cepacia,train
EF529515.1,Streptococcus_thermophilus,train
EF536069.1,Mycolicibacterium_smegmatis,train
EF583821.1,Bacillus_thuringiensis,train
EF602154.1,Burkholderia_cenocepacia,train
EU030938.1,Sulfolobus_islandicus,train
EU030939.1,Sulfolobus_islandicus,train
EU056923.1,Pseudomonas_aeruginosa,train
EU078592.1,Escherichia_coli,train
EU081845.1,Lactococcus_lactis,train
EU100883.1,Thermus_thermophilus,train
EU100884.1,Thermus_thermophilus,train
EU136189.1,Staphylococcus_aureus,train
EU203571.2,Mycolicibacterium_smegmatis,train
EU246945.1,Lactobacillus_rhamnosus,train
EU272036.1,Pseudomonas_aeruginosa,train
EU272037.1,Pseudomonas_aeruginosa,train
EU311208.1,Escherichia_coli,train
EU330206.1,Escherichia_coli,train
EU340421.2,Lactobacillus_delbrueckii,train
EU408779.1,Bacillus_anthracis,train
EU409559.1,Lactobacillus_delbrueckii,train
EU418428.2,Staphylococcus_aureus,train
EU438902.1,Lactococcus_lactis,train
EU570103.1,Salmonella_enterica,train
EU588980.1,Clostridium_perfringens,train
EU652770.3,Morganella_morganii,train
EU716414.1,Pseudomonas_aeruginosa,train
EU717894.1,Xanthomonas_campestris,train
EU719189.1,Clostridioides_difficile,train
EU734170.1,Yersinia_pestis,train
EU734171.1,Escherichia_coli,train
EU734172.1,Escherichia_coli,train
EU734174.1,Escherichia_coli,train
EU771092.1,Bacillus_subtilis,train
EU794049.1,Candidatus_Hamiltonella_defensa,train
EU826470.1,Mycolicibacterium_smegmatis,train
EU861004.1,Staphylococcus_aureus,train
EU861005.1,Staphylococcus_aureus,train
EU863408.1,Escherichia_coli,train
EU863409.1,Escherichia_coli,train
EU871039.1,Lactobacillus_jensenii,train
EU874396.1,Bacillus_thuringiensis,train
EU877232.1,Escherichia_coli,train
FJ000341.1,Salmonella_enterica,train
FJ008913.1,Bacteroides_fragilis,train
FJ168659.1,Mycolicibacterium_smegmatis,train
FJ168660.1,Mycolicibacterium_smegmatis,train
FJ168661.1,Mycolicibacterium_smegmatis,train
FJ168662.1,Mycolicibacterium_smegmatis,train
FJ174690.1,Mycolicibacterium_smegmatis,train
FJ174691.1,Mycolicibacterium_smegmatis,train
FJ174692.1,Mycolicibacterium_smegmatis,train
FJ174693.1,Mycolicibacterium_smegmatis,train
FJ174694.1,Mycolicibacterium_smegmatis,train
FJ226752.1,Streptococcus_thermophilus,train
FJ230960.1,Bacillus_subtilis,train
FJ236310.1,Streptococcus_thermophilus,train
FJ373894.1,Shigella_boydii,train
FJ429185.1,Lactococcus_lactis,train
FJ483837.1,Escherichia_coli,train
FJ483838.1,Escherichia_coli,train
FJ483839.1,Escherichia_coli,train
FJ483840.1,Escherichia_coli,train
FJ483841.1,Escherichia_coli,train
FJ483842.1,Escherichia_coli,train
FJ483843.1,Escherichia_coli,train
FJ483844.1,Escherichia_coli,train
FJ591093.1,Ruegeria_pomeroyi,train
FJ591094.1,Sulfitobacter_sp._EE-36,train
FJ608823.2,Pseudomonas_syringae,train
FJ608824.1,Pseudomonas_syringae,train
FJ608825.1,Pseudomonas_syringae,train
FJ641182.1,Mycolicibacterium_smegmatis,train
FJ713816.1,Staphylococcus_aureus,train
FJ750948.2,Escherichia_coli,train
FJ792813.1,Enterococcus_faecalis,train
FJ849058.1,Escherichia_coli,train
FJ896200.1,Vibrio_parahaemolyticus,train
FJ904927.1,Vibrio_cholerae,train
FJ937737.2,Burkholderia_cenocepacia,train
FJ965538.1,Streptococcus_thermophilus,train
FJ973624.1,Mycolicibacterium_smegmatis,train
FJ982340.1,Burkholderia_pyrrocinia,train
FM163528.1,Streptococcus_gordonii,train
FM180578.1,Escherichia_coli,train
FM201281.1,Pseudomonas_aeruginosa,train
FM201282.1,Pseudomonas_aeruginosa,train
FM887021.1,Pseudomonas_aeruginosa,train
FN263372.1,Pseudomonas_aeruginosa,train
FN391954.1,Streptococcus_oralis,train
FN422398.1,Pseudomonas_aeruginosa,train
FN422399.1,Pseudomonas_aeruginosa,train
FN594518.1,Pseudomonas_fluorescens,train
FQ312032.1,Salmonella_enterica,train
FR667955.1,Salmonella_enterica,train
FR687252.1,Pantoea_agglomerans,train
FR751545.1,Pantoea_agglomerans,train
FR775895.2,Escherichia_coli,train
FR823450.1,Campylobacter_jejuni,train
FR852584.1,Staphylococcus_aureus,train
GQ149088.1,Escherichia_coli,train
GQ241246.1,Clavibacter_michiganensis,train
GQ303259.1,Mycolicibacterium_smegmatis,train
GQ303260.1,Mycolicibacterium_smegmatis,train
GQ303261.1,Mycolicibacterium_smegmatis,train
GQ303262.1,Mycolicibacterium_smegmatis,train
GQ303263.1,Mycolicibacterium_smegmatis,train
GQ303264.1,Mycolicibacterium_smegmatis,train
GQ334450.1,Prochlorococcus_marinus,train
GQ357915.1,Delftia_acidovorans,train
GQ357916.1,Escherichia_coli,train
GQ379227.1,Streptomyces_avermitilis,train
GQ398772.1,Staphylococcus_aureus,train
GQ403789.1,Thermus_thermophilus,train
GQ413937.1,Klebsiella_pneumoniae,train
GQ413938.2,Klebsiella_pneumoniae,train
GQ421471.1,Xylella_fastidiosa,train
GQ443085.1,Clostridium_perfringens,train
GQ452243.1,Enterococcus_faecalis,train
GQ468526.1,Escherichia_coli,train
GQ478081.1,Enterococcus_faecalis,train
GQ478082.1,Enterococcus_faecalis,train
GQ478083.1,Enterococcus_faecalis,train
GQ478084.1,Enterococcus_faecalis,train
GQ478085.1,Enterococcus_faecalis,train
GQ478086.1,Enterococcus_faecalis,train
GQ478087.1,Enterococcus_faecalis,train
GQ478088.1,Enterococcus_faecalis,train
GQ502199.1,Sodalis_glossinidius,train
GQ866233.1,Aggregatibacter_actinomycetemcomitans,train
GQ979703.1,Lactococcus_lactis,train
GQ981382.1,Shigella_sonnei,train
GU060500.1,Mycolicibacterium_smegmatis,train
GU070616.1,Salmonella_enterica,train
GU071096.1,Synechococcus_sp._WH_8102,train
GU071097.1,Synechococcus_sp._WH_8102,train
GU071098.1,Synechococcus_sp._WH_8109,train
GU071099.1,Prochlorococcus_marinus,train
GU071101.1,Prochlorococcus_marinus,train
GU071104.1,Prochlorococcus_marinus,train
GU071106.1,Synechococcus_sp._WH_8109,train
GU071108.1,Synechococcus_sp._WH_7803,train
GU075905.1,Prochlorococcus_marinus,train
GU247132.1,Mycolicibacterium_smegmatis,train
GU295964.1,Klebsiella_pneumoniae,train
GU296433.1,Campylobacter_jejuni,train
GU321093.1,Haloarcula_hispanica,train
GU323318.1,Escherichia_coli,train
GU339467.1,Mycolicibacterium_smegmatis,train
GU385905.1,Escherichia_coli,train
GU396103.1,Aeromonas_salmonicida,train
GU459069.1,Aeromonas_salmonicida,train
GU477322.1,Staphylococcus_aureus,train
GU557055.1,Candidatus_Puniceispirillum_marinum,train
GU573886.1,Salmonella_enterica,train
GU580940.1,Rhodococcus_hoagii,train
GU580941.1,Rhodococcus_hoagii,train
GU580942.1,Rhodococcus_hoagii,train
GU580943.1,Rhodococcus_hoagii,train
GU583987.1,Pseudomonas_fluorescens,train
GU595417.2,Salmonella_enterica,train
GU815091.1,Pseudomonas_aeruginosa,train
GU815339.1,Enterococcus_faecalis,train
GU911303.1,Burkholderia_cenocepacia,train
GU911304.1,Burkholderia_ambifaria,train
GU911519.1,Acinetobacter_johnsonii,train
GU949551.1,Clostridioides_difficile,train
GU988610.2,Pseudomonas_aeruginosa,train
HE600015.1,Dickeya_solani,train
HE608841.1,Bacteroides_fragilis,train
HE611333.2,Pseudomonas_putida,train
HE614281.1,Staphylococcus_pasteuri,train
HE664024.1,Escherichia_coli,train
HE775250.1,Salmonella_enterica,train
HE806280.1,Acinetobacter_baumannii,train
HE861935.1,Streptococcus_thermophilus,train
HE956708.2,Yersinia_enterocolitica,train
HE956709.1,Yersinia_enterocolitica,train
HE956710.2,Yersinia_enterocolitica,train
HE962497.1,Streptococcus_pneumoniae,train
HE978309.1,Escherichia_coli,train
HE983844.1,Pseudomonas_aeruginosa,train
HE983845.1,Pseudomonas_aeruginosa,train
HF543949.1,Pseudomonas_aeruginosa,train
HF563658.1,Streptococcus_pneumoniae,train
HG007973.1,Stenotrophomonas_maltophilia,train
HG322870.1,Saccharolobus_solfataricus,train
HG380752.1,Streptococcus_thermophilus,train
HG424323.1,Streptococcus_thermophilus,train
HG518155.1,Pseudomonas_aeruginosa,train
HG798806.1,Pseudomonas_aeruginosa,train
HG799490.1,Streptococcus_pneumoniae,train
HG799496.1,Streptococcus_pneumoniae,train
HG799497.1,Streptococcus_pneumoniae,train
HG813241.1,Cronobacter_turicensis,train
HG818823.1,Citrobacter_rodentium,train
HG818824.1,Citrobacter_rodentium,train
HG934469.1,Salmonella_enterica,train
HG934470.1,Salmonella_enterica,train
HG962375.1,Pseudomonas_aeruginosa,train
HG962376.1,Pseudomonas_aeruginosa,train
HM004124.1,Acinetobacter_johnsonii,train
HM029250.1,Lactococcus_lactis,train
HM035024.1,Shigella_flexneri,train
HM035025.1,Shigella_flexneri,train
HM064452.1,Ralstonia_solanacearum,train
HM066936.1,Caulobacter_vibrioides,train
HM071924.1,Escherichia_coli,train
HM072038.1,Bacillus_subtilis,train
HM114277.1,Rhodococcus_hoagii,train
HM114315.1,Acinetobacter_johnsonii,train
HM134276.1,Escherichia_coli,train
HM137666.1,Escherichia_coli,train
HM144385.1,Brochothrix_thermosphacta,train
HM144386.1,Brochothrix_thermosphacta,train
HM144387.1,Bacillus_cereus,train
HM150760.1,Stenotrophomonas_maltophilia,train
HM151342.1,Roseobacter_denitrificans,train
HM152763.1,Mycolicibacterium_smegmatis,train
HM152764.1,Mycolicibacterium_smegmatis,train
HM152765.1,Mycolicibacterium_smegmatis,train
HM152766.1,Mycolicibacterium_smegmatis,train
HM152767.2,Mycolicibacterium_smegmatis,train
HM173637.1,Escherichia_coli,train
HM208537.1,Escherichia_coli,train
HM242243.1,Brochothrix_thermosphacta,train
HM452125.1,Aeromonas_salmonicida,train
HM452126.1,Aeromonas_salmonicida,train
HM461982.1,Burkholderia_cenocepacia,train
HM486077.1,Tsukamurella_paurometabola,train
HM563683.1,Escherichia_coli,train
HM568888.1,Clostridioides_difficile,train
HM624080.1,Pseudomonas_aeruginosa,train
HM997019.1,Salmonella_enterica,train
HM997020.1,Escherichia_coli,train
HQ110084.1,Erwinia_amylovora,train
HQ163896.1,Staphylococcus_aureus,train
HQ201307.1,Cronobacter_sakazakii,train
HQ201308.1,Cronobacter_sakazakii,train
HQ224500.1,Vibrio_cholerae,train
HQ268735.1,Streptococcus_pneumoniae,train
HQ316579.1,Vibrio_splendidus,train
HQ316580.1,Aliivibrio_fischeri,train
HQ316581.1,Vibrio_splendidus,train
HQ316582.1,Vibrio_splendidus,train
HQ316584.1,Prochlorococcus_marinus,train
HQ316603.1,Synechococcus_sp._WH_8109,train
HQ317290.1,Synechococcus_sp._WH_7803,train
HQ317291.1,Synechococcus_sp._WH_7803,train
HQ317292.1,Synechococcus_sp._WH_7803,train
HQ317383.1,Synechococcus_sp._WH_7803,train
HQ317384.2,Sulfitobacter_sp._CB2047,train
HQ317385.1,Synechococcus_sp._WH_7803,train
HQ317386.1,Vibrio_parahaemolyticus,train
HQ317387.2,Sulfitobacter_sp._CB2047,train
HQ317389.1,Synechococcus_sp._WH_7803,train
HQ317390.1,Colwellia_psychrerythraea,train
HQ317391.1,Synechococcus_sp._WH_8109,train
HQ317393.2,Vibrio_natriegens,train
HQ331142.1,Salmonella_enterica,train
HQ332137.1,Prochlorococcus_marinus,train
HQ332140.1,Prochlorococcus_marinus,train
HQ332142.2,Sulfitobacter_sp._CB2047,train
HQ333270.1,Yersinia_pestis,train
HQ337021.1,Prochlorococcus_marinus,train
HQ337022.1,Prochlorococcus_marinus,train
HQ377373.1,Candidatus_Liberibacter_asiaticus,train
HQ403646.1,Gordonia_terrae,train
HQ424691.1,Escherichia_coli,train
HQ632825.1,Prochlorococcus_marinus,train
HQ633071.1,Synechococcus_sp._WH_7803,train
HQ634152.1,Prochlorococcus_marinus,train
HQ634156.1,Vibrio_natriegens,train
HQ634174.1,Prochlorococcus_marinus,train
HQ634175.1,Prochlorococcus_marinus,train
HQ634176.1,Prochlorococcus_marinus,train
HQ634177.1,Synechococcus_sp._WH_7803,train
HQ634178.1,Synechococcus_sp._WH_7803,train
HQ634187.1,Synechococcus_sp._WH_7803,train
HQ634188.1,Synechococcus_sp._WH_7803,train
HQ634189.1,Synechococcus_sp._WH_7803,train
HQ634193.1,Prochlorococcus_marinus,train
HQ634194.1,Vibrio_parahaemolyticus,train
HQ634196.1,Vibrio_parahaemolyticus,train
HQ641340.1,Vibrio_cholerae,train
HQ641341.1,Vibrio_cholerae,train
HQ641343.1,Vibrio_cholerae,train
HQ641344.1,Vibrio_cholerae,train
HQ641345.1,Vibrio_cholerae,train
HQ641346.1,Vibrio_cholerae,train
HQ641347.1,Vibrio_cholerae,train
HQ641348.1,Vibrio_cholerae,train
HQ641349.1,Vibrio_cholerae,train
HQ641350.1,Vibrio_cholerae,train
HQ641351.1,Vibrio_cholerae,train
HQ641352.1,Vibrio_cholerae,train
HQ641353.1,Vibrio_cholerae,train
HQ641354.1,Vibrio_cholerae,train
HQ641380.1,Enterobacter_cloacae,train
HQ665011.1,Escherichia_coli,train
HQ683709.1,Planktothrix_agardhii,train
HQ698895.1,Synechococcus_sp._CB0101,train
HQ698922.4,Acinetobacter_baumannii,train
HQ711984.1,Pseudomonas_aeruginosa,train
HQ711985.1,Pseudomonas_aeruginosa,train
HQ728263.1,Erwinia_amylovora,train
HQ728264.1,Erwinia_amylovora,train
HQ728265.1,Erwinia_amylovora,train
HQ728266.1,Erwinia_amylovora,train
HQ728524.1,Mycolicibacterium_smegmatis,train
HQ829472.1,Escherichia_coli,train
HQ832595.1,Pseudomonas_aeruginosa,train
HQ918180.1,Klebsiella_pneumoniae,train
JF344709.1,Bdellovibrio_bacteriovorus,train
JF461087.1,Salmonella_enterica,train
JF501022.1,Klebsiella_pneumoniae,train
JF719726.1,Escherichia_coli,train
JF719727.1,Escherichia_coli,train
JF719728.1,Escherichia_coli,train
JF719732.1,Escherichia_coli,train
JF719733.1,Escherichia_coli,train
JF719734.1,Escherichia_coli,train
JF734911.1,Helicobacter_pylori,train
JF744988.1,Mycolicibacterium_smegmatis,train
JF767208.1,Clostridium_perfringens,train
JF767209.1,Clostridium_perfringens,train
JF767210.1,Clostridium_perfringens,train
JF770475.1,Escherichia_coli,train
JF773396.1,Candidatus_Liberibacter_asiaticus,train
JF792674.1,Mycolicibacterium_smegmatis,train
JF832915.1,Glaesserella_parasuis,train
JF912400.1,Cronobacter_sakazakii,train
JF923796.1,Gordonia_terrae,train
JF923797.1,Gordonia_rubripertincta,train
JF939047.1,Burkholderia_cenocepacia,train
JF946695.1,Mycolicibacterium_smegmatis,train
JF966203.1,Bacillus_cereus,train
JF974286.1,Prochlorococcus_marinus,train
JF974288.1,Synechococcus_sp._WH_7803,train
JF974289.1,Synechococcus_sp._WH_7803,train
JF974292.1,Synechococcus_sp._WH_8102,train
JF974293.1,Synechococcus_sp._WH_7803,train
JF974314.1,Agrobacterium_tumefaciens,train
JF974315.1,Agrobacterium_tumefaciens,train
JF974321.1,Prochlorococcus_marinus,train
JF974339.1,Escherichia_coli,train
JN022534.1,Xanthomonas_vesicatoria,train
JN035618.1,Gordonia_terrae,train
JN116822.1,Rhodococcus_rhodochrous,train
JN116823.1,Rhodococcus_hoagii,train
JN116824.1,Rhodococcus_hoagii,train
JN116825.1,Rhodococcus_hoagii,train
JN116827.1,Rhodococcus_erythropolis,train
JN116828.1,Nocardia_brasiliensis,train
JN126049.1,Salmonella_enterica,train
JN132397.1,Campylobacter_jejuni,train
JN153085.1,Mycolicibacterium_smegmatis,train
JN153086.1,Mycolicibacterium_smegmatis,train
JN175269.1,Pseudomonas_tolaasii,train
JN190960.1,Rhodobacter_capsulatus,train
JN191664.1,Bacillus_thuringiensis,train
JN192400.1,Staphylococcus_epidermidis,train
JN192401.1,Staphylococcus_epidermidis,train
JN192463.1,Mycolicibacterium_smegmatis,train
JN201525.1,Mycolicibacterium_smegmatis,train
JN202312.1,Escherichia_coli,train
JN243855.1,Mycolicibacterium_smegmatis,train
JN243856.1,Mycolicibacterium_smegmatis,train
JN243857.1,Mycolicibacterium_smegmatis,train
JN254800.1,Pseudomonas_aeruginosa,train
JN254801.1,Pseudomonas_aeruginosa,train
JN255163.1,Mannheimia_haemolytica,train
JN256079.1,Mycolicibacterium_smegmatis,train
JN377894.1,Aeromonas_salmonicida,train
JN382248.1,Mycolicibacterium_smegmatis,train
JN398368.1,Mycolicibacterium_smegmatis,train
JN398369.1,Mycolicibacterium_smegmatis,train
JN408460.1,Mycolicibacterium_smegmatis,train
JN408461.1,Mycolicibacterium_smegmatis,train
JN412588.1,Mycolicibacterium_smegmatis,train
JN412589.1,Mycolicibacterium_smegmatis,train
JN412591.1,Mycolicibacterium_smegmatis,train
JN412592.1,Mycolicibacterium_smegmatis,train
JN412593.1,Mycolicibacterium_smegmatis,train
JN542517.1,Mycolicibacterium_smegmatis,train
JN561150.1,Mycolicibacterium_smegmatis,train
JN564907.1,Burkholderia_cenocepacia,train
JN572689.1,Mycolicibacterium_smegmatis,train
JN585957.1,Erwinia_pyrifoliae,train
JN593240.1,Escherichia_coli,train
JN600960.1,Escherichia_coli,train
JN624850.1,Mycolicibacterium_smegmatis,train
JN624851.1,Mycolicibacterium_smegmatis,train
JN627160.1,Pseudomonas_fluorescens,train
JN638751.1,Bacillus_megaterium,train
JN643714.1,Mycolicibacterium_smegmatis,train
JN651747.1,Aeromonas_salmonicida,train
JN654439.1,Bacillus_cereus,train
JN660814.1,Mycolicibacterium_smegmatis,train
JN662425.1,Burkholderia_cepacia,train
JN673056.1,Escherichia_coli,train
JN680858.1,Mycolicibacterium_smegmatis,train
JN687951.1,Mycolicibacterium_smegmatis,train
JN698989.1,Mycolicibacterium_smegmatis,train
JN698992.1,Mycolicibacterium_smegmatis,train
JN698993.1,Mycolicibacterium_smegmatis,train
JN698994.1,Mycolicibacterium_smegmatis,train
JN698995.1,Mycolicibacterium_smegmatis,train
JN698996.1,Mycolicibacterium_smegmatis,train
JN698997.1,Mycolicibacterium_smegmatis,train
JN698998.1,Mycolicibacterium_smegmatis,train
JN698999.1,Mycolicibacterium_smegmatis,train
JN699000.1,Mycolicibacterium_smegmatis,train
JN699001.1,Mycolicibacterium_smegmatis,train
JN699005.1,Mycolicibacterium_smegmatis,train
JN699006.1,Mycolicibacterium_smegmatis,train
JN699007.1,Mycolicibacterium_smegmatis,train
JN699008.1,Mycolicibacterium_smegmatis,train
JN699011.1,Mycolicibacterium_smegmatis,train
JN699012.1,Mycolicibacterium_smegmatis,train
JN699014.1,Mycolicibacterium_smegmatis,train
JN699015.1,Mycolicibacterium_smegmatis,train
JN699016.1,Mycolicibacterium_smegmatis,train
JN699626.1,Mycolicibacterium_smegmatis,train
JN699627.1,Mycolicibacterium_smegmatis,train
JN700519.1,Staphylococcus_hominis,train
JN700520.2,Staphylococcus_hominis,train
JN700521.1,Staphylococcus_capitis,train
JN712910.1,Bacillus_cereus,train
JN790865.1,Bacillus_cereus,train
JN797796.1,Bacillus_cereus,train
JN797797.1,Bacillus_cereus,train
JN797798.1,Bacillus_cereus,train
JN800508.1,Clostridium_perfringens,train
JN848801.1,Vibrio_cholerae,train
JN849462.1,Vibrio_parahaemolyticus,train
JN882284.1,Cronobacter_sakazakii,train
JN882285.1,Cronobacter_sakazakii,train
JN882286.1,Cronobacter_sakazakii,train
JN882287.1,Cronobacter_sakazakii,train
JN939331.1,Brucella_abortus,train
JN939332.1,Brucella_melitensis,train
JN968479.1,Haloarcula_hispanica,train
JN984867.1,Shigella_sonnei,train
JN986844.1,Escherichia_coli,train
JN986845.1,Escherichia_coli,train
JN986846.1,Escherichia_coli,train
JN991020.1,Pseudomonas_tolaasii,train
JQ007353.1,Salmonella_enterica,train
JQ011317.1,Escherichia_coli,train
JQ011318.1,Escherichia_coli,train
JQ015307.1,Pectobacterium_atrosepticum,train
JQ031132.1,Escherichia_coli,train
JQ062992.1,Bacillus_thuringiensis,train
JQ066768.1,Rhodobacter_capsulatus,train
JQ067083.1,Pseudomonas_aeruginosa,train
JQ067085.2,Pseudomonas_aeruginosa,train
JQ086369.1,Escherichia_coli,train
JQ086370.1,Escherichia_coli,train
JQ086371.1,Escherichia_coli,train
JQ086372.1,Escherichia_coli,train
JQ086373.1,Escherichia_coli,train
JQ086374.1,Escherichia_coli,train
JQ086375.1,Escherichia_coli,train
JQ086376.1,Escherichia_coli,train
JQ086377.1,Escherichia_coli,train
JQ177061.1,Vibrio_cholerae,train
JQ177062.1,Bdellovibrio_bacteriovorus,train
JQ177063.1,Aeromonas_salmonicida,train
JQ177064.1,Vibrio_cholerae,train
JQ177065.1,Pectobacterium_carotovorum,train
JQ182726.1,Escherichia_coli,train
JQ182727.1,Escherichia_coli,train
JQ182728.1,Escherichia_coli,train
JQ182729.1,Escherichia_coli,train
JQ182730.1,Escherichia_coli,train
JQ182731.1,Escherichia_coli,train
JQ182732.1,Escherichia_coli,train
JQ182733.1,Escherichia_coli,train
JQ182734.1,Escherichia_coli,train
JQ182735.1,Escherichia_coli,train
JQ182736.1,Escherichia_coli,train
JQ245707.2,Synechococcus_sp._WH_8102,train
JQ246028.1,Clostridium_sporogenes,train
JQ267364.1,Klebsiella_pneumoniae,train
JQ288021.1,Salmonella_enterica,train
JQ307386.1,Pseudomonas_aeruginosa,train
JQ307387.1,Pseudomonas_aeruginosa,train
JQ309827.1,Enterococcus_faecium,train
JQ340389.1,Vibrio_parahaemolyticus,train
JQ340774.2,Enterobacter_cancerogenus,train
JQ341413.1,Weissella_cibaria,train
JQ408219.1,Ralstonia_solanacearum,train
JQ446452.1,Salinivibrio_costicola,train
JQ617284.1,Helicobacter_pylori,train
JQ619704.1,Bacillus_cereus,train
JQ659259.1,Leuconostoc_mesenteroides,train
JQ660954.1,Clostridium_perfringens,train
JQ686190.1,Staphylococcus_aureus,train
JQ691611.1,Cronobacter_sakazakii,train
JQ691612.1,Cronobacter_sakazakii,train
JQ729990.1,Clostridium_perfringens,train
JQ729991.1,Clostridium_perfringens,train
JQ729992.1,Clostridium_perfringens,train
JQ740790.1,Lactococcus_lactis,train
JQ740791.1,Lactococcus_lactis,train
JQ740792.1,Lactococcus_lactis,train
JQ740793.1,Lactococcus_lactis,train
JQ740794.1,Lactococcus_lactis,train
JQ740795.1,Lactococcus_lactis,train
JQ740796.1,Lactococcus_lactis,train
JQ740797.1,Lactococcus_lactis,train
JQ740798.1,Lactococcus_lactis,train
JQ740799.1,Lactococcus_lactis,train
JQ740800.1,Lactococcus_lactis,train
JQ740801.1,Lactococcus_lactis,train
JQ740802.1,Lactococcus_lactis,train
JQ740803.1,Lactococcus_lactis,train
JQ740805.1,Lactococcus_lactis,train
JQ740806.1,Lactococcus_lactis,train
JQ740807.1,Lactococcus_lactis,train
JQ740808.1,Lactococcus_lactis,train
JQ740809.1,Lactococcus_lactis,train
JQ740810.1,Lactococcus_lactis,train
JQ740811.1,Lactococcus_lactis,train
JQ740812.1,Lactococcus_lactis,train
JQ740814.1,Lactococcus_lactis,train
JQ762257.1,Pseudomonas_aeruginosa,train
JQ768459.1,Pseudomonas_putida,train
JQ779023.1,Staphylococcus_aureus,train
JQ779024.1,Staphylococcus_aureus,train
JQ780163.1,Vibrio_cholerae,train
JQ780327.1,Cronobacter_sakazakii,train
JQ797329.1,Listeria_monocytogenes,train
JQ801337.1,Vibrio_vulnificus,train
JQ809663.1,Stenotrophomonas_maltophilia,train
JQ809701.1,Mycolicibacterium_smegmatis,train
JQ809702.1,Mycolicibacterium_smegmatis,train
JQ809703.1,Mycolicibacterium_smegmatis,train
JQ867099.1,Croceibacter_atlanticus,train
JQ957932.1,Staphylococcus_aureus,train
JQ965645.1,Salmonella_enterica,train
JQ965700.1,Yersinia_pestis,train
JQ965701.1,Yersinia_pestis,train
JQ965702.1,Yersinia_pestis,train
JQ965703.1,Yersinia_pestis,train
JQ966307.1,Escherichia_coli,train
JX000007.1,Yersinia_pestis,train
JX013863.1,Staphylococcus_aureus,train
JX080300.2,Staphylococcus_aureus,train
JX080301.2,Staphylococcus_aureus,train
JX080302.2,Staphylococcus_aureus,train
JX080303.2,Staphylococcus_aureus,train
JX080304.2,Staphylococcus_aureus,train
JX080305.2,Staphylococcus_aureus,train
JX094431.1,Bacillus_cereus,train
JX094500.1,Cronobacter_sakazakii,train
JX094501.1,Staphylococcus_aureus,train
JX100809.1,Caulobacter_vibrioides,train
JX100810.1,Caulobacter_vibrioides,train
JX100811.1,Caulobacter_vibrioides,train
JX100812.1,Caulobacter_vibrioides,train
JX100813.1,Caulobacter_vibrioides,train
JX100814.1,Caulobacter_vibrioides,train
JX104231.1,Burkholderia_cenocepacia,train
JX121091.1,Mycolicibacterium_smegmatis,train
JX123262.1,Aeromonas_hydrophila,train
JX128257.1,Escherichia_coli,train
JX128258.1,Escherichia_coli,train
JX128259.1,Escherichia_coli,train
JX131330.1,Pseudomonas_aeruginosa,train
JX145341.1,Clostridioides_difficile,train
JX145342.1,Clostridioides_difficile,train
JX163858.1,Caulobacter_vibrioides,train
JX173487.1,Pseudomonas_fluorescens,train
JX182369.1,Streptomyces_coelicolor,train
JX182370.1,Streptomyces_coelicolor,train
JX182371.1,Streptomyces_venezuelae,train
JX182372.1,Streptomyces_avermitilis,train
JX193904.1,Enterococcus_faecalis,train
JX194239.1,Staphylococcus_aureus,train
JX238501.3,Bacillus_pumilus,train
JX262215.1,Cutibacterium_acnes,train
JX262216.1,Cutibacterium_acnes,train
JX262217.1,Cutibacterium_acnes,train
JX262218.1,Cutibacterium_acnes,train
JX262219.1,Cutibacterium_acnes,train
JX262220.1,Cutibacterium_acnes,train
JX262221.1,Cutibacterium_acnes,train
JX262222.1,Cutibacterium_acnes,train
JX262223.1,Cutibacterium_acnes,train
JX262224.1,Cutibacterium_acnes,train
JX262225.1,Cutibacterium_acnes,train
JX296113.1,Providencia_stuartii,train
JX307703.1,Mycolicibacterium_smegmatis,train
JX316028.1,Erwinia_amylovora,train
JX403940.1,Acinetobacter_baumannii,train
JX412914.1,Escherichia_coli,train
JX415535.1,Escherichia_coli,train
JX415536.1,Escherichia_coli,train
JX421753.1,Escherichia_coli,train
JX486087.1,Lactobacillus_plantarum,train
JX501340.1,Pseudomonas_aeruginosa,train
JX536493.1,Escherichia_coli,train
JX556417.1,Vibrio_parahaemolyticus,train
JX556418.1,Vibrio_parahaemolyticus,train
JX561091.1,Escherichia_coli,train
JX567312.1,Lactococcus_lactis,train
JX569801.1,Campylobacter_jejuni,train
JX570702.1,Cutibacterium_acnes,train
JX570703.1,Cutibacterium_acnes,train
JX570704.1,Cutibacterium_acnes,train
JX570705.1,Cutibacterium_acnes,train
JX570706.1,Cutibacterium_acnes,train
JX570707.1,Cutibacterium_acnes,train
JX570708.1,Cutibacterium_acnes,train
JX570709.1,Cutibacterium_acnes,train
JX570710.1,Cutibacterium_acnes,train
JX570711.1,Cutibacterium_acnes,train
JX570712.1,Cutibacterium_acnes,train
JX570713.1,Cutibacterium_acnes,train
JX570714.1,Cutibacterium_acnes,train
JX625144.1,Escherichia_coli,train
JX658790.1,Acinetobacter_baumannii,train
JX681814.1,Burkholderia_pseudomallei,train
JX846612.1,Staphylococcus_aureus,train
JX846613.1,Staphylococcus_aureus,train
JX863101.2,Pseudomonas_fluorescens,train
JX865427.2,Escherichia_coli,train
JX866719.1,Klebsiella_pneumoniae,train
JX867715.1,Escherichia_coli,train
JX872508.1,Stenotrophomonas_maltophilia,train
JX875065.1,Staphylococcus_aureus,train
JX878671.1,Staphylococcus_aureus,train
JX879087.1,Streptococcus_suis,train
JX880034.1,Escherichia_coli,train
JX880072.1,Vibrio_parahaemolyticus,train
JX887877.1,Bacillus_thuringiensis,train
JX899358.1,Mycolicibacterium_smegmatis,train
JX901189.1,Mycobacterium_avium,train
JX997978.1,Pseudomonas_aeruginosa,train
KC012913.1,Staphylococcus_xylosus,train
KC013021.1,Leuconostoc_pseudomesenteroides,train
KC013022.1,Leuconostoc_pseudomesenteroides,train
KC013023.1,Leuconostoc_pseudomesenteroides,train
KC013024.1,Leuconostoc_pseudomesenteroides,train
KC013025.1,Leuconostoc_pseudomesenteroides,train
KC013026.1,Leuconostoc_mesenteroides,train
KC013027.1,Leuconostoc_mesenteroides,train
KC013028.1,Leuconostoc_mesenteroides,train
KC013029.1,Leuconostoc_mesenteroides,train
KC107834.1,Cronobacter_sakazakii,train
KC117377.1,Haloarcula_vallismortis,train
KC117378.1,Haloarcula_sinaiiensis,train
KC131129.1,Vibrio_harveyi,train
KC139512.1,Salmonella_enterica,train
KC139514.1,Salmonella_enterica,train
KC139515.1,Salmonella_enterica,train
KC139517.1,Salmonella_enterica,train
KC139518.1,Salmonella_enterica,train
KC139519.1,Salmonella_enterica,train
KC139520.1,Salmonella_enterica,train
KC139521.1,Salmonella_enterica,train
KC171646.1,Lactobacillus_paracasei,train
KC171647.1,Lactobacillus_paracasei,train
KC172839.1,Mycolicibacterium_smegmatis,train
KC237729.1,Clostridium_perfringens,train
KC252997.1,Haloarcula_hispanica,train
KC292024.1,Haloarcula_hispanica,train
KC292025.1,Haloarcula_hispanica,train
KC292027.1,Haloarcula_californiae,train
KC292028.1,Haloarcula_californiae,train
KC292029.1,Haloarcula_californiae,train
KC310802.1,Synechococcus_sp._CB0101,train
KC310803.1,Synechococcus_sp._CB0101,train
KC310804.1,Synechococcus_sp._CB0101,train
KC311669.1,Acinetobacter_baumannii,train
KC330679.1,Bacillus_pumilus,train
KC330680.1,Bacillus_pumilus,train
KC330681.1,Bacillus_pumilus,train
KC330683.1,Bacillus_pumilus,train
KC330684.1,Bacillus_pumilus,train
KC342645.2,Staphylococcus_aureus,train
KC357596.1,Vibrio_cholerae,train
KC438282.1,Vibrio_cholerae,train
KC438283.1,Vibrio_cholerae,train
KC462197.1,Burkholderia_pseudomallei,train
KC465898.1,Candidatus_Pelagibacter_ubique,train
KC465899.1,Candidatus_Pelagibacter_ubique,train
KC465900.1,Candidatus_Pelagibacter_ubique,train
KC465901.1,Candidatus_Pelagibacter_ubique,train
KC481682.1,Bacillus_anthracis,train
KC522412.1,Lactococcus_lactis,train
KC556893.1,Brucella_melitensis,train
KC556894.1,Brucella_abortus,train
KC556895.1,Brucella_canis,train
KC556896.1,Brucella_suis,train
KC556898.1,Brucella_abortus,train
KC576783.1,Mycolicibacterium_smegmatis,train
KC576784.1,Mycolicibacterium_smegmatis,train
KC595278.1,Staphylococcus_aureus,train
KC595279.1,Staphylococcus_aureus,train
KC595518.2,Brevibacillus_laterosporus,train
KC661271.1,Mycolicibacterium_smegmatis,train
KC661272.1,Mycolicibacterium_smegmatis,train
KC661273.1,Mycolicibacterium_smegmatis,train
KC661274.1,Mycolicibacterium_smegmatis,train
KC661275.1,Mycolicibacterium_smegmatis,train
KC661276.1,Mycolicibacterium_smegmatis,train
KC661277.1,Mycolicibacterium_smegmatis,train
KC661278.1,Mycolicibacterium_smegmatis,train
KC661279.1,Mycolicibacterium_smegmatis,train
KC661280.1,Mycolicibacterium_smegmatis,train
KC661281.1,Mycolicibacterium_smegmatis,train
KC677662.1,Salmonella_enterica,train
KC677663.1,Staphylococcus_aureus,train
KC685370.1,Bacillus_mycoides,train
KC688701.1,Croceibacter_atlanticus,train
KC690136.1,Escherichia_coli,train
KC691254.1,Mycolicibacterium_smegmatis,train
KC691255.2,Mycolicibacterium_smegmatis,train
KC691256.1,Mycolicibacterium_smegmatis,train
KC691257.1,Mycolicibacterium_smegmatis,train
KC691258.1,Mycolicibacterium_smegmatis,train
KC700556.1,Streptomyces_lividans,train
KC700557.1,Streptomyces_lividans,train
KC700558.1,Streptomyces_lividans,train
KC701493.1,Mycolicibacterium_smegmatis,train
KC710998.1,Shigella_flexneri,train
KC736071.1,Mycolicibacterium_smegmatis,train
KC748968.1,Mycolicibacterium_smegmatis,train
KC748969.1,Mycolicibacterium_smegmatis,train
KC748970.1,Mycolicibacterium_smegmatis,train
KC748971.1,Mycolicibacterium_smegmatis,train
KC751414.1,Pseudoalteromonas_marina,train
KC787105.1,Mycolicibacterium_smegmatis,train
KC787106.1,Mycolicibacterium_smegmatis,train
KC787107.1,Mycolicibacterium_smegmatis,train
KC787108.1,Mycolicibacterium_smegmatis,train
KC787110.1,Mycolicibacterium_smegmatis,train
KC801932.2,Escherichia_coli,train
KC814930.1,Shigella_flexneri,train
KC821604.1,Cellulophaga_baltica,train
KC821605.1,Cellulophaga_baltica,train
KC821606.1,Cellulophaga_baltica,train
KC821607.1,Cellulophaga_baltica,train
KC821608.1,Cellulophaga_baltica,train
KC821609.1,Cellulophaga_baltica,train
KC821610.1,Cellulophaga_baltica,train
KC821611.1,Cellulophaga_baltica,train
KC821612.1,Cellulophaga_baltica,train
KC821613.1,Cellulophaga_baltica,train
KC821614.1,Cellulophaga_baltica,train
KC821615.1,Cellulophaga_baltica,train
KC821616.1,Cellulophaga_baltica,train
KC821617.1,Cellulophaga_baltica,train
KC821618.1,Cellulophaga_baltica,train
KC821619.1,Cellulophaga_baltica,train
KC821620.1,Cellulophaga_baltica,train
KC821621.1,Cellulophaga_baltica,train
KC821622.1,Cellulophaga_baltica,train
KC821623.1,Cellulophaga_baltica,train
KC821624.1,Cellulophaga_baltica,train
KC821625.1,Cellulophaga_baltica,train
KC821626.1,Cellulophaga_baltica,train
KC821627.1,Cellulophaga_baltica,train
KC821628.1,Cellulophaga_baltica,train
KC821629.1,Cellulophaga_baltica,train
KC821630.1,Cellulophaga_baltica,train
KC821631.1,Cellulophaga_baltica,train
KC821632.1,Cellulophaga_baltica,train
KC821633.1,Cellulophaga_baltica,train
KC821634.1,Cellulophaga_baltica,train
KC832325.1,Salmonella_enterica,train
KC853746.1,Burkholderia_cenocepacia,train
KC862295.1,Pseudomonas_aeruginosa,train
KC862296.1,Pseudomonas_aeruginosa,train
KC862297.1,Pseudomonas_aeruginosa,train
KC862298.1,Pseudomonas_aeruginosa,train
KC862299.1,Pseudomonas_aeruginosa,train
KC862300.1,Pseudomonas_aeruginosa,train
KC862301.1,Pseudomonas_aeruginosa,train
KC900379.1,Mycolicibacterium_smegmatis,train
KC911856.1,Salmonella_enterica,train
KC911857.1,Salmonella_enterica,train
KC954774.1,Cronobacter_sakazakii,train
KC959568.1,Flavobacterium_psychrophilum,train
KC960489.1,Mycobacteroides_abscessus,train
KF005317.1,Alteromonas_macleodii,train
KF005318.1,Alteromonas_macleodii,train
KF005319.1,Alteromonas_macleodii,train
KF005320.1,Alteromonas_macleodii,train
KF006818.1,Mycolicibacterium_smegmatis,train
KF010834.1,Paenibacillus_larvae,train
KF017001.1,Mycolicibacterium_smegmatis,train
KF017002.1,Mycolicibacterium_smegmatis,train
KF017003.1,Mycolicibacterium_smegmatis,train
KF017004.1,Mycolicibacterium_smegmatis,train
KF017005.1,Mycolicibacterium_smegmatis,train
KF024721.1,Mycolicibacterium_smegmatis,train
KF024723.1,Mycolicibacterium_smegmatis,train
KF024724.1,Mycolicibacterium_smegmatis,train
KF024725.1,Mycolicibacterium_smegmatis,train
KF024726.1,Mycolicibacterium_smegmatis,train
KF024727.1,Mycolicibacterium_smegmatis,train
KF024728.1,Mycolicibacterium_smegmatis,train
KF024729.1,Mycolicibacterium_smegmatis,train
KF024730.1,Mycolicibacterium_smegmatis,train
KF024731.1,Mycolicibacterium_smegmatis,train
KF024732.1,Mycolicibacterium_smegmatis,train
KF024733.1,Mycolicibacterium_smegmatis,train
KF044309.1,Escherichia_coli,train
KF044310.1,Escherichia_coli,train
KF056323.1,Haloarcula_hispanica,train
KF114874.1,Mycolicibacterium_smegmatis,train
KF114875.1,Mycolicibacterium_smegmatis,train
KF147891.1,Pseudomonas_aeruginosa,train
KF148616.1,Campylobacter_jejuni,train
KF156338.1,Synechococcus_sp._WH_7803,train
KF156339.1,Synechococcus_sp._WH_7803,train
KF156340.1,Synechococcus_sp._WH_7803,train
KF183314.1,Oenococcus_oeni,train
KF183315.1,Oenococcus_oeni,train
KF188410.1,Lactobacillus_delbrueckii,train
KF188458.1,Bacillus_anthracis,train
KF208639.2,Bacillus_thuringiensis,train
KF279411.1,Mycolicibacterium_smegmatis,train
KF279412.2,Mycolicibacterium_smegmatis,train
KF279413.1,Mycolicibacterium_smegmatis,train
KF279414.1,Mycolicibacterium_smegmatis,train
KF279415.1,Mycolicibacterium_smegmatis,train
KF279416.1,Mycolicibacterium_smegmatis,train
KF279417.1,Mycolicibacterium_smegmatis,train
KF296718.1,Bacillus_thuringiensis,train
KF301602.1,Caulobacter_vibrioides,train
KF306380.1,Mycolicibacterium_smegmatis,train
KF322026.1,Vibrio_alginolyticus,train
KF322032.1,Escherichia_coli,train
KF356198.1,Trichormus_variabilis,train
KF361475.1,Vibrio_cholerae,train
KF416340.1,Mycolicibacterium_smegmatis,train
KF416341.1,Mycolicibacterium_smegmatis,train
KF416342.1,Mycolicibacterium_smegmatis,train
KF416343.1,Mycolicibacterium_smegmatis,train
KF416344.1,Mycolicibacterium_smegmatis,train
KF475786.1,Pseudomonas_aeruginosa,train
KF493879.1,Mycolicibacterium_smegmatis,train
KF493880.1,Mycolicibacterium_smegmatis,train
KF493881.1,Mycolicibacterium_smegmatis,train
KF493882.1,Mycolicibacterium_smegmatis,train
KF493883.1,Mycolicibacterium_smegmatis,train
KF534715.1,Pectobacterium_carotovorum,train
KF550303.1,Escherichia_coli,train
KF554508.2,Bacillus_cereus,train
KF560330.1,Mycolicibacterium_smegmatis,train
KF560331.1,Mycolicibacterium_smegmatis,train
KF560332.1,Mycolicibacterium_smegmatis,train
KF560333.1,Mycolicibacterium_smegmatis,train
KF560334.1,Mycolicibacterium_smegmatis,train
KF562099.1,Mycolicibacterium_smegmatis,train
KF562100.1,Mycolicibacterium_smegmatis,train
KF562101.1,Mycolicibacterium_smegmatis,train
KF562102.1,Mycolicibacterium_smegmatis,train
KF562340.1,Escherichia_coli,train
KF562341.1,Escherichia_coli,train
KF562864.1,Salmonella_enterica,train
KF562865.1,Salmonella_enterica,train
KF582788.2,Escherichia_coli,train
KF589919.1,Staphylococcus_saprophyticus,train
KF598856.1,Staphylococcus_aureus,train
KF614509.1,Rhizobium_leguminosarum,train
KF620435.1,Shigella_boydii,train
KF623293.1,Vibrio_parahaemolyticus,train
KF623294.1,Erwinia_amylovora,train
KF626666.1,Xylella_fastidiosa,train
KF626667.1,Xylella_fastidiosa,train
KF669647.1,Bacillus_thuringiensis,train
KF669648.1,Bacillus_pumilus,train
KF669649.1,Bacillus_subtilis,train
KF669650.1,Clavibacter_michiganensis,train
KF669651.1,Bacillus_pumilus,train
KF669652.1,Bacillus_subtilis,train
KF669653.1,Salmonella_enterica,train
KF669654.1,Salmonella_enterica,train
KF669655.1,Bacillus_megaterium,train
KF669656.1,Acinetobacter_baumannii,train
KF669657.1,Bacillus_megaterium,train
KF669658.1,Acinetobacter_baumannii,train
KF669659.1,Bacillus_pumilus,train
KF669660.1,Bacillus_megaterium,train
KF669661.1,Bacillus_megaterium,train
KF669662.1,Bacillus_thuringiensis,train
KF669663.1,Bacillus_megaterium,train
KF676640.1,Lactococcus_lactis,train
KF713485.1,Mycolicibacterium_smegmatis,train
KF713486.1,Mycolicibacterium_smegmatis,train
KF728385.2,Enterococcus_faecalis,train
KF766114.1,Staphylococcus_aureus,train
KF771236.1,Escherichia_coli,train
KF771237.1,Escherichia_coli,train
KF771238.1,Escherichia_coli,train
KF771239.1,Escherichia_coli,train
KF772233.1,Edwardsiella_ictaluri,train
KF772234.1,Edwardsiella_ictaluri,train
KF787094.1,Achromobacter_xylosoxidans,train
KF787095.1,Achromobacter_xylosoxidans,train
KF806588.1,Erwinia_amylovora,train
KF806589.1,Erwinia_amylovora,train
KF811200.1,Acinetobacter_baumannii,train
KF831354.1,Staphylococcus_aureus,train
KF841475.1,Mycolicibacterium_smegmatis,train
KF841476.1,Mycolicibacterium_smegmatis,train
KF841477.1,Mycolicibacterium_smegmatis,train
KF856712.1,Pseudomonas_aeruginosa,train
KF861510.1,Mycolicibacterium_smegmatis,train
KF926093.1,Lactococcus_lactis,train
KF929199.1,Staphylococcus_epidermidis,train
KF954506.1,Mycolicibacterium_smegmatis,train
KF959563.1,Mycolicibacterium_smegmatis,train
KF971864.1,Escherichia_coli,train
KF977490.1,Rhizobium_gallicum,train
KF981601.1,Mycolicibacterium_smegmatis,train
KF981730.1,Escherichia_coli,train
KF981875.1,Pseudomonas_aeruginosa,train
KF981876.1,Mycobacteroides_abscessus,train
KF986246.1,Mycolicibacterium_smegmatis,train
KF986247.1,Mycolicibacterium_smegmatis,train
KJ000058.2,Salmonella_enterica,train
KJ002054.2,Shewanella_putrefaciens,train
KJ010489.1,Enterococcus_faecium,train
KJ025956.1,Mycolicibacterium_smegmatis,train
KJ025957.1,Serratia_marcescens,train
KJ094020.1,Listeria_monocytogenes,train
KJ094021.1,Listeria_monocytogenes,train
KJ094022.1,Listeria_monocytogenes,train
KJ094023.1,Listeria_monocytogenes,train
KJ094029.1,Listeria_monocytogenes,train
KJ094030.1,Listeria_monocytogenes,train
KJ094031.2,Listeria_monocytogenes,train
KJ094032.2,Enterococcus_faecalis,train
KJ094033.1,Listeria_monocytogenes,train
KJ101592.1,Enterobacter_cloacae,train
KJ127303.1,Enterococcus_faecalis,train
KJ135004.2,Escherichia_coli,train
KJ140076.1,Staphylococcus_aureus,train
KJ156985.1,Mycolicibacterium_smegmatis,train
KJ159566.1,Geobacillus_kaustophilus,train
KJ173786.1,Microbacterium_oxydans,train
KJ174156.1,Mycolicibacterium_smegmatis,train
KJ174157.1,Mycolicibacterium_smegmatis,train
KJ190157.1,Escherichia_coli,train
KJ190158.1,Escherichia_coli,train
KJ192399.2,Vibrio_alginolyticus,train
KJ194581.1,Mycolicibacterium_smegmatis,train
KJ194582.1,Mycolicibacterium_smegmatis,train
KJ194584.1,Mycolicibacterium_smegmatis,train
KJ194585.1,Mycolicibacterium_smegmatis,train
KJ210330.1,Staphylococcus_aureus,train
KJ395778.1,Vibrio_alginolyticus,train
KJ409696.1,Mycolicibacterium_smegmatis,train
KJ409772.2,Pseudomonas_syringae,train
KJ410132.1,Mycolicibacterium_smegmatis,train
KJ410133.1,Mycolicibacterium_smegmatis,train
KJ410134.1,Mycolicibacterium_smegmatis,train
KJ419279.1,Escherichia_coli,train
KJ451625.1,Bacillus_cereus,train
KJ473422.1,Acinetobacter_baumannii,train
KJ473423.1,Acinetobacter_baumannii,train
KJ477077.1,Pseudomonas_aeruginosa,train
KJ489010.1,Lactococcus_lactis,train
KJ489011.1,Lactococcus_lactis,train
KJ489012.1,Lactococcus_lactis,train
KJ489013.1,Lactococcus_lactis,train
KJ489397.1,Bacillus_thuringiensis,train
KJ507099.1,Pseudomonas_syringae,train
KJ507100.1,Pseudomonas_syringae,train
KJ510412.1,Mycolicibacterium_smegmatis,train
KJ510413.1,Mycolicibacterium_smegmatis,train
KJ510414.1,Mycolicibacterium_smegmatis,train
KJ510415.1,Mycolicibacterium_smegmatis,train
KJ528544.1,Lactococcus_garvieae,train
KJ535721.1,Listeria_monocytogenes,train
KJ535722.1,Listeria_monocytogenes,train
KJ538721.1,Mycolicibacterium_smegmatis,train
KJ538722.1,Mycolicibacterium_smegmatis,train
KJ564036.1,Lactobacillus_delbrueckii,train
KJ564037.1,Lactobacillus_delbrueckii,train
KJ564038.1,Lactobacillus_delbrueckii,train
KJ567041.1,Mycolicibacterium_smegmatis,train
KJ567042.1,Mycolicibacterium_smegmatis,train
KJ567043.1,Mycolicibacterium_smegmatis,train
KJ567046.1,Mycolicibacterium_smegmatis,train
KJ572844.2,Vibrio_cholerae,train
KJ572845.2,Vibrio_cholerae,train
KJ586794.1,Listeria_monocytogenes,train
KJ586795.1,Listeria_monocytogenes,train
KJ591604.1,Listeria_monocytogenes,train
KJ591605.1,Listeria_monocytogenes,train
KJ595576.1,Mycolicibacterium_smegmatis,train
KJ596420.1,Staphylococcus_aureus,train
KJ603229.1,Shigella_flexneri,train
KJ608188.1,Enterococcus_faecalis,train
KJ619459.1,Vibrio_cholerae,train
KJ621082.2,Dinoroseobacter_shibae,train
KJ668714.2,Escherichia_coli,train
KJ690250.1,Mycolicibacterium_smegmatis,train
KJ725374.1,Mycolicibacterium_smegmatis,train
KJ746502.1,Rhizobium_leguminosarum,train
KJ748011.1,Escherichia_coli,train
KJ802832.1,Salmonella_enterica,train
KJ817802.1,Acinetobacter_baumannii,train
KJ858521.1,Aeromonas_hydrophila,train
KJ888149.1,Staphylococcus_aureus,train
KJ920400.1,Bacillus_thuringiensis,train
KJ997912.1,Escherichia_coli,train
KM051843.1,Bacillus_pumilus,train
KM066034.1,Mycolicibacterium_smegmatis,train
KM083128.1,Mycolicibacterium_smegmatis,train
KM101120.1,Mycolicibacterium_smegmatis,train
KM101122.1,Mycolicibacterium_smegmatis,train
KM101123.1,Mycolicibacterium_smegmatis,train
KM101124.1,Mycolicibacterium_smegmatis,train
KM190144.1,Escherichia_coli,train
KM199770.1,Rhizobium_leguminosarum,train
KM199771.1,Mesorhizobium_loti,train
KM215148.1,Mycolicibacterium_smegmatis,train
KM216423.1,Staphylococcus_aureus,train
KM224878.1,Vibrio_cholerae,train
KM224879.1,Vibrio_cholerae,train
KM233151.1,Escherichia_coli,train
KM247287.1,Escherichia_coli,train
KM253764.1,Yersinia_enterocolitica,train
KM272358.1,Salmonella_enterica,train
KM279937.1,Mycolicibacterium_smegmatis,train
KM347889.1,Mycolicibacterium_smegmatis,train
KM360178.1,Escherichia_coli,train
KM373208.1,Listeria_monocytogenes,train
KM378617.2,Vibrio_parahaemolyticus,train
KM407600.1,Shigella_flexneri,train
KM458633.1,Salmonella_enterica,train
KM501444.1,Shigella_sonnei,train
KM507819.1,Escherichia_coli,train
KM514685.1,Lactobacillus_delbrueckii,train
KM581061.1,Ruegeria_pomeroyi,train
KM606994.1,Escherichia_coli,train
KM606995.1,Escherichia_coli,train
KM606996.1,Escherichia_coli,train
KM606997.1,Escherichia_coli,train
KM606998.1,Escherichia_coli,train
KM606999.1,Escherichia_coli,train
KM607000.1,Escherichia_coli,train
KM607001.1,Escherichia_coli,train
KM607002.1,Escherichia_coli,train
KM607003.1,Escherichia_coli,train
KP027199.1,Mycolicibacterium_smegmatis,train
KP027200.1,Mycolicibacterium_smegmatis,train
KP027201.1,Mycolicibacterium_smegmatis,train
KP027205.1,Mycolicibacterium_smegmatis,train
KP027206.1,Mycolicibacterium_smegmatis,train
KP063541.1,Escherichia_coli,train
KP085586.1,Shigella_flexneri,train
LK392619.1,Streptococcus_pneumoniae,train
LN610572.1,Pseudomonas_aeruginosa,train
LN610573.1,Pseudomonas_aeruginosa,train
LN610574.1,Pseudomonas_aeruginosa,train
LN610575.1,Pseudomonas_aeruginosa,train
LN610576.1,Pseudomonas_aeruginosa,train
LN610577.1,Pseudomonas_aeruginosa,train
LN610578.1,Pseudomonas_aeruginosa,train
LN610579.1,Pseudomonas_aeruginosa,train
LN610580.1,Pseudomonas_aeruginosa,train
LN610581.1,Pseudomonas_aeruginosa,train
LN610582.1,Pseudomonas_aeruginosa,train
LN610583.1,Pseudomonas_aeruginosa,train
LN610585.1,Pseudomonas_aeruginosa,train
LN610586.1,Pseudomonas_aeruginosa,train
LN610587.1,Pseudomonas_aeruginosa,train
LN610588.1,Pseudomonas_aeruginosa,train
LN610589.1,Pseudomonas_aeruginosa,train
LN610590.1,Pseudomonas_aeruginosa,train
M11813.1,Bacillus_subtilis,train
M11912.1,Pseudomonas_aeruginosa,train
M19377.1,Pseudomonas_aeruginosa,train
NC_021190.1,Escherichia_coli,test
NC_027118.1,Vibrio_cholerae,test
NC_027119.1,Salmonella_enterica,test
NC_027120.1,Lactococcus_lactis,test
NC_027125.1,Flavobacterium_columnare,test
NC_027204.1,Sinorhizobium_meliloti,test
NC_027292.1,Pseudomonas_fluorescens,test
NC_027293.1,Citrobacter_freundii,test
NC_027294.1,Cutibacterium_acnes,test
NC_027295.1,Cutibacterium_acnes,test
NC_027296.1,Rhizobium_etli,test
NC_027297.1,Salmonella_enterica,test
NC_027299.1,Sulfitobacter_sp._CB2047,test
NC_027329.1,Salmonella_enterica,test
NC_027330.1,Escherichia_coli,test
NC_027331.1,Citrobacter_freundii,test
NC_027332.1,Acinetobacter_baumannii,test
NC_027333.1,Cutibacterium_acnes,test
NC_027335.2,Enterococcus_faecalis,test
NC_027336.1,Cutibacterium_acnes,test
NC_027337.1,Escherichia_coli,test
NC_027339.1,Shigella_flexneri,test
NC_027340.1,Erwinia_amylovora,test
NC_027341.1,Lactococcus_lactis,test
NC_027342.1,Proteus_mirabilis,test
NC_027345.1,Pseudomonas_aeruginosa,test
NC_027346.1,Cutibacterium_acnes,test
NC_027348.2,Delftia_tsuruhatensis,test
NC_027350.1,Citrobacter_freundii,test
NC_027352.1,Bacillus_cereus,test
NC_027354.1,Cutibacterium_acnes,test
NC_027355.1,Bacillus_cereus,test
NC_027356.1,Escherichia_coli,test
NC_027357.1,Cutibacterium_acnes,test
NC_027358.1,Leuconostoc_mesenteroides,test
NC_027359.1,Cutibacterium_acnes,test
NC_027360.1,Salmonella_enterica,test
NC_027361.1,Cutibacterium_acnes,test
NC_027362.1,Cutibacterium_acnes,test
NC_027363.1,Proteus_mirabilis,test
NC_027364.1,Escherichia_coli,test
NC_027365.1,Mycolicibacterium_smegmatis,test
NC_027366.1,Bacillus_megaterium,test
NC_027367.1,Cutibacterium_acnes,test
NC_027369.1,Escherichia_coli,test
NC_027370.1,Cutibacterium_acnes,test
NC_027371.1,Cutibacterium_acnes,test
NC_027372.1,Bacillus_megaterium,test
NC_027373.1,Cutibacterium_acnes,test
NC_027374.1,Bacillus_megaterium,test
NC_027375.1,Pseudomonas_aeruginosa,test
NC_027377.1,Leuconostoc_mesenteroides,test
NC_027378.1,Escherichia_coli,test
NC_027379.1,Proteus_mirabilis,test
NC_027381.1,Escherichia_coli,test
NC_027382.1,Shigella_flexneri,test
NC_027383.1,Escherichia_coli,test
NC_027384.1,Pseudomonas_aeruginosa,test
NC_027385.1,Cutibacterium_acnes,test
NC_027386.1,Cutibacterium_acnes,test
NC_027387.1,Escherichia_coli,test
NC_027388.1,Pseudomonas_aeruginosa,test
NC_027389.1,Cutibacterium_acnes,test
NC_027390.1,Proteus_mirabilis,test
NC_027391.1,Cutibacterium_acnes,test
NC_027393.1,Vibrio_cholerae,test
NC_027394.1,Bacillus_megaterium,test
NC_027395.1,Escherichia_coli,test
NC_027396.1,Streptococcus_pneumoniae,test
NC_027397.1,Vibrio_cholerae,test
NC_027398.1,Shigella_flexneri,test
NC_027399.1,Klebsiella_pneumoniae,test
NC_027400.1,Cutibacterium_acnes,test
NC_027401.1,Cutibacterium_acnes,test
NC_027620.1,Cutibacterium_acnes,test
NC_027621.1,Cutibacterium_acnes,test
NC_027622.1,Cutibacterium_acnes,test
NC_027623.2,Cutibacterium_acnes,test
NC_027624.1,Cutibacterium_acnes,test
NC_027625.1,Cutibacterium_acnes,test
NC_027626.1,Cutibacterium_acnes,test
NC_027627.1,Cutibacterium_acnes,test
NC_027628.1,Cutibacterium_acnes,test
NC_027629.1,Cutibacterium_acnes,test
NC_027630.1,Cutibacterium_acnes,test
NC_027979.1,Escherichia_coli,test
NC_027982.1,Lactobacillus_fermentum,test
NC_027983.1,Escherichia_coli,test
NC_027984.1,Escherichia_coli,test
NC_027987.1,Leuconostoc_mesenteroides,test
NC_027991.1,Staphylococcus_aureus,test
NC_027993.1,Escherichia_coli,test
NC_027994.1,Escherichia_coli,test
NC_027995.1,Escherichia_coli,test
NC_028247.1,Citrobacter_freundii,test
NC_028248.1,Escherichia_coli,test
NC_028448.1,Escherichia_coli,test
NC_028449.1,Escherichia_coli,test
NC_028652.1,Pseudomonas_aeruginosa,test
NC_028653.1,Gordonia_terrae,test
NC_028654.1,Mycolicibacterium_smegmatis,test
NC_028655.1,Yersinia_enterocolitica,test
NC_028657.1,Pseudomonas_aeruginosa,test
NC_028658.1,Mycolicibacterium_smegmatis,test
NC_028659.1,Klebsiella_pneumoniae,test
NC_028661.1,Pseudomonas_syringae,test
NC_028662.1,Mycolicibacterium_phlei,test
NC_028663.1,Prochlorococcus_marinus,test
NC_028664.1,Klebsiella_pneumoniae,test
NC_028665.1,Gordonia_terrae,test
NC_028666.1,Streptococcus_parauberis,test
NC_028667.1,Pseudomonas_aeruginosa,test
NC_028668.1,Gordonia_malaquae,test
NC_028669.1,Staphylococcus_aureus,test
NC_028670.1,Klebsiella_pneumoniae,test
NC_028673.1,Gordonia_malaquae,test
NC_028675.1,Acinetobacter_baumannii,test
NC_028676.1,Sinorhizobium_meliloti,test
NC_028677.1,Rhodococcus_erythropolis,test
NC_028678.1,Mycolicibacterium_smegmatis,test
NC_028679.1,Acinetobacter_baumannii,test
NC_028680.1,Mycolicibacterium_smegmatis,test
NC_028681.1,Mycolicibacterium_smegmatis,test
NC_028683.1,Edwardsiella_ictaluri,test
NC_028684.1,Acinetobacter_baumannii,test
NC_028685.1,Shigella_sonnei,test
NC_028687.1,Mycolicibacterium_smegmatis,test
NC_028688.1,Klebsiella_pneumoniae,test
NC_028691.1,Mycolicibacterium_smegmatis,test
NC_028692.1,Arthrobacter_sp._ATCC_21022,test
NC_028693.2,Enterococcus_faecalis,test
NC_028694.1,Cutibacterium_acnes,test
NC_028695.2,Klebsiella_aerogenes,test
NC_028696.2,Salmonella_enterica,test
NC_028697.1,Streptococcus_pyogenes,test
NC_028698.1,Salmonella_enterica,test
NC_028699.1,Salmonella_enterica,test
NC_028700.1,Streptococcus_pyogenes,test
NC_028701.2,Salmonella_enterica,test
NC_028702.1,Delftia_sp._670,test
NC_028742.1,Mycolicibacterium_smegmatis,test
NC_028743.1,Mannheimia_haemolytica,test
NC_028744.1,Mycolicibacterium_smegmatis,test
NC_028745.1,Pseudomonas_aeruginosa,test
NC_028746.1,Paenibacillus_larvae,test
NC_028747.1,Mycolicibacterium_smegmatis,test
NC_028748.2,Bacillus_thuringiensis,test
NC_028749.1,Brevibacillus_laterosporus,test
NC_028750.1,Klebsiella_pneumoniae,test
NC_028751.1,Mycolicibacterium_smegmatis,test
NC_028754.1,Salmonella_enterica,test
NC_028757.1,Mycolicibacterium_smegmatis,test
NC_028758.1,Paenibacillus_larvae,test
NC_028759.1,Mycolicibacterium_smegmatis,test
NC_028760.1,Klebsiella_pneumoniae,test
NC_028762.1,Proteus_mirabilis,test
NC_028766.1,Mannheimia_haemolytica,test
NC_028767.1,Paenibacillus_larvae,test
NC_028768.1,Achromobacter_xylosoxidans,test
NC_028770.1,Pseudomonas_aeruginosa,test
NC_028772.1,Klebsiella_aerogenes,test
NC_028773.1,Cronobacter_sakazakii,test
NC_028774.1,Klebsiella_pneumoniae,test
NC_028775.1,Staphylococcus_aureus,test
NC_028776.1,Escherichia_coli,test
NC_028777.1,Bacillus_megaterium,test
NC_028778.1,Mycolicibacterium_smegmatis,test
NC_028779.1,Mycolicibacterium_smegmatis,test
NC_028782.1,Bacillus_megaterium,test
NC_028783.1,Lactobacillus_paracasei,test
NC_028784.1,Mycolicibacterium_smegmatis,test
NC_028785.1,Mycolicibacterium_smegmatis,test
NC_028786.1,Klebsiella_pneumoniae,test
NC_028788.1,Paenibacillus_larvae,test
NC_028789.1,Bacillus_cereus,test
NC_028791.1,Mycolicibacterium_smegmatis,test
NC_028792.1,Mycolicibacterium_smegmatis,test
NC_028794.1,Mycolicibacterium_smegmatis,test
NC_028795.1,Enterobacter_cloacae,test
NC_028796.1,Mycolicibacterium_smegmatis,test
NC_028798.1,Mycolicibacterium_smegmatis,test
NC_028799.1,Vibrio_cholerae,test
NC_028800.1,Klebsiella_pneumoniae,test
NC_028801.1,Mycolicibacterium_smegmatis,test
NC_028802.1,Mycolicibacterium_smegmatis,test
NC_028803.1,Mycolicibacterium_smegmatis,test
NC_028804.1,Mycolicibacterium_smegmatis,test
NC_028805.1,Brevibacillus_laterosporus,test
NC_028807.1,Streptomyces_flavovirens,test
NC_028808.2,Escherichia_coli,test
NC_028809.1,Pseudomonas_aeruginosa,test
NC_028810.1,Mycolicibacterium_smegmatis,test
NC_028812.1,Proteus_mirabilis,test
NC_028813.1,Mycolicibacterium_smegmatis,test
NC_028815.1,Mycolicibacterium_smegmatis,test
NC_028816.1,Klebsiella_pneumoniae,test
NC_028817.1,Pseudomonas_aeruginosa,test
NC_028818.1,Streptomyces_griseus,test
NC_028819.1,Pseudoalteromonas_marina,test
NC_028820.1,Yersinia_enterocolitica,test
NC_028821.1,Staphylococcus_epidermidis,test
NC_028822.1,Escherichia_coli,test
NC_028823.1,Mycolicibacterium_smegmatis,test
NC_028825.1,Escherichia_coli,test
NC_028826.1,Enterococcus_faecium,test
NC_028827.1,Streptomyces_venezuelae,test
NC_028828.1,Mycolicibacterium_smegmatis,test
NC_028829.1,Vibrio_alginolyticus,test
NC_028830.1,Lactobacillus_paracasei,test
NC_028831.1,Escherichia_coli,test
NC_028832.1,Mycolicibacterium_smegmatis,test
NC_028834.1,Achromobacter_xylosoxidans,test
NC_028835.1,Lactobacillus_paracasei,test
NC_028836.1,Pseudomonas_aeruginosa,test
NC_028837.1,Paenibacillus_larvae,test
NC_028841.1,Paenibacillus_larvae,test
NC_028842.1,Mycolicibacterium_smegmatis,test
NC_028843.1,Mycolicibacterium_smegmatis,test
NC_028844.1,Mycolicibacterium_smegmatis,test
NC_028846.1,Mycolicibacterium_smegmatis,test
NC_028848.1,Acinetobacter_baumannii,test
NC_028849.1,Mycolicibacterium_smegmatis,test
NC_028850.1,Yersinia_enterocolitica,test
NC_028851.1,Paenibacillus_larvae,test
NC_028852.1,Mycolicibacterium_smegmatis,test
NC_028853.1,Mannheimia_haemolytica,test
NC_028854.1,Paenibacillus_larvae,test
NC_028856.1,Bacillus_megaterium,test
NC_028857.1,Citrobacter_freundii,test
NC_028859.1,Staphylococcus_aureus,test
NC_028860.1,Mycolicibacterium_smegmatis,test
NC_028861.1,Mycolicibacterium_smegmatis,test
NC_028862.1,Staphylococcus_aureus,test
NC_028863.1,Escherichia_coli,test
NC_028869.1,Mycolicibacterium_smegmatis,test
NC_028870.1,Klebsiella_pneumoniae,test
NC_028871.1,Listeria_monocytogenes,test
NC_028872.1,Escherichia_coli,test
NC_028874.1,Mycolicibacterium_smegmatis,test
NC_028876.2,Mycolicibacterium_smegmatis,test
NC_028877.1,Mycolicibacterium_smegmatis,test
NC_028878.1,Mycolicibacterium_smegmatis,test
NC_028879.1,Pseudomonas_aeruginosa,test
NC_028880.1,Citrobacter_freundii,test
NC_028881.1,Escherichia_coli,test
NC_028882.1,Pseudomonas_aeruginosa,test
NC_028885.1,Pseudomonas_aeruginosa,test
NC_028886.1,Bacillus_thuringiensis,test
NC_028887.1,Bacillus_thuringiensis,test
NC_028888.1,Lactobacillus_paracasei,test
NC_028889.1,Mycolicibacterium_smegmatis,test
NC_028890.1,Bacillus_thuringiensis,test
NC_028892.1,Streptomyces_griseus,test
NC_028894.1,Escherichia_coli,test
NC_028895.1,Vibrio_cholerae,test
NC_028896.1,Escherichia_coli,test
NC_028897.1,Mycolicibacterium_smegmatis,test
NC_028898.1,Mannheimia_haemolytica,test
NC_028899.1,Ralstonia_solanacearum,test
NC_028900.1,Lactococcus_lactis,test
NC_028901.1,Escherichia_coli,test
NC_028903.1,Escherichia_coli,test
NC_028904.1,Streptomyces_venezuelae,test
NC_028906.1,Mycolicibacterium_smegmatis,test
NC_028907.1,Mycolicibacterium_smegmatis,test
NC_028908.2,Achromobacter_xylosoxidans,test
NC_028910.1,Mycolicibacterium_smegmatis,test
NC_028911.1,Lactobacillus_paracasei,test
NC_028912.1,Mycolicibacterium_smegmatis,test
NC_028914.1,Mycolicibacterium_smegmatis,test
NC_028915.1,Staphylococcus_aureus,test
NC_028916.1,Proteus_mirabilis,test
NC_028917.1,Staphylococcus_aureus,test
NC_028919.1,Pseudomonas_aeruginosa,test
NC_028920.1,Mycolicibacterium_smegmatis,test
NC_028922.1,Mycolicibacterium_smegmatis,test
NC_028923.1,Mycolicibacterium_smegmatis,test
NC_028925.1,Escherichia_coli,test
NC_028926.1,Bacillus_megaterium,test
NC_028927.1,Escherichia_coli,test
NC_028928.1,Mycolicibacterium_smegmatis,test
NC_028929.1,Listeria_monocytogenes,test
NC_028930.1,Paenibacillus_larvae,test
NC_028931.1,Pseudomonas_aeruginosa,test
NC_028932.1,Mycolicibacterium_smegmatis,test
NC_028933.1,Pseudomonas_aeruginosa,test
NC_028934.1,Mycolicibacterium_smegmatis,test
NC_028935.2,Escherichia_coli,test
NC_028936.1,Mycolicibacterium_smegmatis,test
NC_028937.1,Mycolicibacterium_smegmatis,test
NC_028939.1,Pseudomonas_aeruginosa,test
NC_028941.1,Mycolicibacterium_smegmatis,test
NC_028943.1,Escherichia_coli,test
NC_028944.1,Bacillus_thuringiensis,test
NC_028945.1,Sinorhizobium_meliloti,test
NC_028946.1,Mycolicibacterium_smegmatis,test
NC_028947.1,Mycolicibacterium_smegmatis,test
NC_028952.1,Streptomyces_flavovirens,test
NC_028953.1,Mycolicibacterium_smegmatis,test
NC_028954.1,Rhodobacter_capsulatus,test
NC_028955.1,Prochlorococcus_marinus,test
NC_028956.1,Mannheimia_haemolytica,test
NC_028957.1,Escherichia_coli,test
NC_028960.2,Mycolicibacterium_smegmatis,test
NC_028961.1,Mycolicibacterium_smegmatis,test
NC_028965.1,Mycolicibacterium_smegmatis,test
NC_028967.1,Cutibacterium_acnes,test
NC_028968.1,Mycolicibacterium_smegmatis,test
NC_028969.1,Brevibacillus_laterosporus,test
NC_028971.1,Pseudomonas_aeruginosa,test
NC_028974.1,Streptomyces_griseus,test
NC_028976.1,Streptomyces_griseus,test
NC_028977.1,Klebsiella_pneumoniae,test
NC_028978.1,Mycolicibacterium_smegmatis,test
NC_028979.1,Mycolicibacterium_smegmatis,test
NC_028980.1,Pseudomonas_aeruginosa,test
NC_028982.1,Bacillus_cereus,test
NC_028983.1,Bacillus_cereus,test
NC_028984.1,Streptococcus_mutans,test
NC_028986.1,Mycolicibacterium_smegmatis,test
NC_028987.2,Acinetobacter_baumannii,test
NC_028988.1,Ralstonia_solanacearum,test
NC_028990.1,Enterococcus_faecalis,test
NC_028991.1,Clostridium_tetani,test
NC_028995.1,Acinetobacter_soli,test
NC_028997.1,Escherichia_coli,test
NC_028999.1,Pseudomonas_aeruginosa,test
NC_029000.1,Stenotrophomonas_maltophilia,test
NC_029002.1,Microcystis_aeruginosa,test
NC_029003.2,Salmonella_enterica,test
NC_029004.1,Clostridium_tetani,test
NC_029006.1,Clostridium_tetani,test
NC_029007.1,Ralstonia_solanacearum,test
NC_029008.1,Bacillus_thuringiensis,test
NC_029009.1,Enterococcus_faecalis,test
NC_029010.1,Staphylococcus_aureus,test
NC_029012.1,Parabacteroides_distasonis,test
NC_029013.1,Citrobacter_freundii,test
NC_029014.1,Parabacteroides_merdae,test
NC_029015.2,Salmonella_enterica,test
NC_029016.1,Enterococcus_faecalis,test
NC_029017.1,Pseudomonas_aeruginosa,test
NC_029018.2,Mycolicibacterium_smegmatis,test
NC_029019.1,Stenotrophomonas_maltophilia,test
NC_029021.1,Escherichia_coli,test
NC_029022.1,Clostridium_tetani,test
NC_029023.1,Escherichia_coli,test
NC_029024.1,Bacillus_cereus,test
NC_029025.1,Staphylococcus_haemolyticus,test
NC_029026.1,Enterococcus_faecalis,test
NC_029028.1,Escherichia_coli,test
NC_029029.1,Brevibacillus_laterosporus,test
NC_029030.1,Streptococcus_mutans,test
NC_029031.1,Synechococcus_sp._WH_7803,test
NC_029033.1,Achromobacter_xylosoxidans,test
NC_029042.1,Salmonella_enterica,test
NC_029043.2,Mycolicibacterium_smegmatis,test
NC_029044.1,Mycolicibacterium_smegmatis,test
NC_029045.1,Salmonella_enterica,test
NC_029046.1,Sinorhizobium_sp._LM21,test
NC_029050.1,Salmonella_enterica,test
NC_029057.1,Vibrio_parahaemolyticus,test
NC_029058.1,Lactobacillus_fermentum,test
NC_029059.1,Mycolicibacterium_smegmatis,test
NC_029068.1,Lactobacillus_fermentum,test
NC_029071.1,Salmonella_enterica,test
NC_029072.1,Salmonella_enterica,test
NC_029075.1,Achromobacter_xylosoxidans,test
NC_029077.1,Mycolicibacterium_smegmatis,test
NC_029078.1,Erysipelothrix_rhusiopathiae,test
NC_029079.1,Mycolicibacterium_smegmatis,test
NC_029081.1,Pectobacterium_atrosepticum,test
NC_029083.1,Pseudomonas_aeruginosa,test
NC_029084.1,Paenibacillus_larvae,test
NC_029091.1,Escherichia_coli,test
NC_029093.1,Mycolicibacterium_smegmatis,test
NC_029094.1,Pseudoalteromonas_marina,test
NC_029097.1,Rhodobacter_capsulatus,test
NC_029098.1,Streptomyces_lividans,test
NC_029101.1,Pseudomonas_aeruginosa,test
NC_029102.1,Enterobacter_cloacae,test
NC_029104.1,Brevibacillus_laterosporus,test
NC_029106.1,Achromobacter_xylosoxidans,test
NC_029107.1,Ralstonia_solanacearum,test
NC_029118.1,Lactococcus_garvieae,test
NC_029119.1,Staphylococcus_epidermidis,test
NC_029120.1,Shigella_sonnei,test
NC_029121.1,Bacillus_pumilus,test
NC_029548.1,Pyrobaculum_arsenaticum,test
NC_030694.1,Gordonia_terrae,test
NC_030695.1,Gordonia_terrae,test
NC_030696.1,Gordonia_terrae,test
NC_030698.1,Gordonia_terrae,test
NC_030884.1,Sulfolobus_islandicus,test
NC_030901.1,Gordonia_terrae,test
NC_030902.1,Gordonia_malaquae,test
NC_030903.1,Bacillus_subtilis,test
NC_030904.1,Bacillus_halmapalus,test
NC_030905.1,Gordonia_terrae,test
NC_030906.1,Gordonia_malaquae,test
NC_030907.1,Gordonia_malaquae,test
NC_030908.1,Pseudomonas_aeruginosa,test
NC_030909.1,Pseudomonas_aeruginosa,test
NC_030910.1,Pseudomonas_aeruginosa,test
NC_030911.1,Gordonia_terrae,test
NC_030912.1,Gordonia_neofelifaecis,test
NC_030913.1,Gordonia_terrae,test
NC_030914.1,Gordonia_terrae,test
NC_030915.1,Gordonia_terrae,test
NC_030916.1,Tsukamurella_paurometabola,test
NC_030917.1,Gordonia_terrae,test
NC_030918.1,Pseudomonas_aeruginosa,test
NC_030919.1,Salmonella_enterica,test
NC_030920.1,Bacillus_megaterium,test
NC_030923.1,Pseudomonas_putida,test
NC_030924.1,Gordonia_terrae,test
NC_030929.1,Pseudomonas_aeruginosa,test
NC_030930.1,Gordonia_terrae,test
NC_030931.1,Pseudomonas_aeruginosa,test
NC_030932.1,Gordonia_sputi,test
NC_030933.1,Staphylococcus_aureus,test
NC_030934.1,Pseudomonas_syringae,test
NC_030935.1,Gordonia_rubripertincta,test
NC_030936.1,Gordonia_terrae,test
NC_030939.1,Gordonia_malaquae,test
NC_030940.1,Pseudomonas_aeruginosa,test
NC_030941.1,Gordonia_terrae,test
NC_030942.1,Gordonia_terrae,test
NC_030943.1,Gordonia_terrae,test
NC_030944.1,Gordonia_terrae,test
NC_030945.1,Bacillus_alcalophilus,test
NC_030946.1,Streptococcus_pneumoniae,test
NC_030947.1,Clostridium_tetani,test
NC_030949.1,Clostridium_tetani,test
NC_030950.1,Clostridium_tetani,test
NC_030951.1,Clostridium_tetani,test
NC_030953.1,Shigella_sonnei,test
NC_031001.1,Gordonia_terrae,test
NC_031002.1,Lactococcus_lactis,test
NC_031003.1,Cutibacterium_acnes,test
NC_031004.1,Gordonia_terrae,test
NC_031005.2,Cutibacterium_acnes,test
NC_031006.1,Bacillus_thuringiensis,test
NC_031007.1,Erwinia_amylovora,test
NC_031008.1,Staphylococcus_aureus,test
NC_031009.1,Lactococcus_lactis,test
NC_031010.1,Erwinia_amylovora,test
NC_031011.1,Shigella_sonnei,test
NC_031012.1,Bacillus_thuringiensis,test
NC_031013.1,Lactococcus_lactis,test
NC_031014.1,Pseudomonas_syringae,test
NC_031015.2,Bacillus_thuringiensis,test
NC_031016.1,Lactococcus_garvieae,test
NC_031017.1,Lactococcus_lactis,test
NC_031018.1,Citrobacter_freundii,test
NC_031019.1,Salmonella_enterica,test
NC_031021.1,Salmonella_enterica,test
NC_031022.1,Shigella_sonnei,test
NC_031023.1,Streptococcus_thermophilus,test
NC_031024.1,Bacillus_thuringiensis,test
NC_031025.1,Klebsiella_pneumoniae,test
NC_031026.1,Salmonella_enterica,test
NC_031027.1,Bacillus_thuringiensis,test
NC_031028.1,Gordonia_terrae,test
NC_031029.1,Gordonia_terrae,test
NC_031030.2,Escherichia_coli,test
NC_031031.1,Gordonia_terrae,test
NC_031034.1,Bacillus_thuringiensis,test
NC_031035.1,Mycolicibacterium_smegmatis,test
NC_031036.1,Lactobacillus_casei,test
NC_031037.1,Bacillus_thuringiensis,test
NC_031039.1,Bacillus_subtilis,test
NC_031040.1,Lactococcus_lactis,test
NC_031041.1,Mycolicibacterium_smegmatis,test
NC_031042.1,Salmonella_enterica,test
NC_031043.1,Erwinia_amylovora,test
NC_031044.1,Lactococcus_lactis,test
NC_031045.1,Salmonella_enterica,test
NC_031046.1,Staphylococcus_aureus,test
NC_031047.1,Escherichia_coli,test
NC_031049.1,Bacillus_thuringiensis,test
NC_031050.1,Escherichia_coli,test
NC_031051.1,Enterococcus_faecalis,test
NC_031052.1,Gordonia_terrae,test
NC_031053.1,Klebsiella_pneumoniae,test
NC_031054.1,Bacillus_thuringiensis,test
NC_031055.1,Bacillus_cereus,test
NC_031056.1,Bacillus_cereus,test
NC_031059.1,Rhodovulum_sp._P5,test
NC_031060.1,Gordonia_terrae,test
NC_031061.1,Gordonia_terrae,test
NC_031064.1,Lactococcus_lactis,test
NC_031065.1,Salmonella_enterica,test
NC_031066.1,Citrobacter_freundii,test
NC_031067.1,Mycolicibacterium_smegmatis,test
NC_031069.1,Streptococcus_thermophilus,test
NC_031070.1,Bacillus_thuringiensis,test
NC_031071.1,Lactococcus_lactis,test
NC_031072.1,Gordonia_terrae,test
NC_031073.1,Pseudomonas_aeruginosa,test
NC_031074.1,Gordonia_terrae,test
NC_031075.1,Lactococcus_lactis,test
NC_031076.1,Propionibacterium_freudenreichii,test
NC_031078.1,Streptomyces_griseus,test
NC_031080.1,Mycolicibacterium_smegmatis,test
NC_031081.1,Escherichia_coli,test
NC_031082.1,Escherichia_coli,test
NC_031084.1,Cutibacterium_acnes,test
NC_031085.1,Shigella_sonnei,test
NC_031086.1,Acinetobacter_baumannii,test
NC_031087.1,Klebsiella_pneumoniae,test
NC_031090.1,Shigella_sonnei,test
NC_031091.1,Pseudomonas_aeruginosa,test
NC_031092.1,Citrobacter_freundii,test
NC_031094.1,Streptococcus_thermophilus,test
NC_031095.1,Klebsiella_oxytoca,test
NC_031096.1,Pectobacterium_atrosepticum,test
NC_031097.1,Gordonia_terrae,test
NC_031098.1,Acinetobacter_baumannii,test
NC_031099.1,Gordonia_terrae,test
NC_031100.1,Bacillus_thuringiensis,test
NC_031102.1,Mycolicibacterium_smegmatis,test
NC_031103.1,Escherichia_coli,test
NC_031104.1,Pseudomonas_aeruginosa,test
NC_031107.2,Erwinia_amylovora,test
NC_031108.1,Propionibacterium_freudenreichii,test
NC_031109.1,Gordonia_terrae,test
NC_031110.1,Pseudomonas_aeruginosa,test
NC_031112.1,Gordonia_terrae,test
NC_031113.1,Escherichia_coli,test
NC_031114.1,Escherichia_coli,test
NC_031116.1,Bacillus_thuringiensis,test
NC_031117.1,Acinetobacter_baumannii,test
NC_031118.1,Gordonia_terrae,test
NC_031119.1,Cutibacterium_acnes,test
NC_031120.1,Erwinia_amylovora,test
NC_031121.2,Bacillus_thuringiensis,test
NC_031122.1,Gordonia_terrae,test
NC_031123.1,Citrobacter_freundii,test
NC_031124.1,Mycolicibacterium_smegmatis,test
NC_031125.1,Lactobacillus_casei,test
NC_031126.1,Erwinia_amylovora,test
NC_031127.1,Erwinia_amylovora,test
NC_031128.1,Salmonella_enterica,test
NC_031129.1,Salmonella_enterica,test
NC_031224.2,Arthrobacter_sp._ATCC_21022,test
NC_031226.1,Gordonia_terrae,test
NC_031228.1,Salmonella_enterica,test
NC_031229.1,Gordonia_terrae,test
NC_031230.1,Gordonia_terrae,test
NC_031231.1,Arthrobacter_sp._ATCC_21022,test
NC_031233.1,Gordonia_terrae,test
NC_031234.1,Gordonia_terrae,test
NC_031237.1,Gordonia_terrae,test
NC_031238.1,Mycolicibacterium_smegmatis,test
NC_031239.1,Gordonia_terrae,test
NC_031241.1,Staphylococcus_epidermidis,test
NC_031243.1,Mycolicibacterium_smegmatis,test
NC_031245.1,Bacillus_subtilis,test
NC_031246.1,Klebsiella_pneumoniae,test
NC_031247.1,Gordonia_terrae,test
NC_031249.1,Gordonia_terrae,test
NC_031250.1,Salmonella_enterica,test
NC_031251.1,Gordonia_terrae,test
NC_031252.1,Arthrobacter_sp._ATCC_21022,test
NC_031253.1,Mycolicibacterium_smegmatis,test
NC_031254.1,Arthrobacter_sp._ATCC_21022,test
NC_031255.2,Gordonia_terrae,test
NC_031256.1,Mycolicibacterium_smegmatis,test
NC_031257.1,Mycolicibacterium_smegmatis,test
NC_031258.1,Salmonella_enterica,test
NC_031260.1,Enterococcus_faecium,test
NC_031261.1,Mycolicibacterium_smegmatis,test
NC_031262.1,Mycolicibacterium_smegmatis,test
NC_031263.1,Mycolicibacterium_smegmatis,test
NC_031264.1,Brucella_inopinata,test
NC_031265.1,Gordonia_terrae,test
NC_031266.1,Mycolicibacterium_smegmatis,test
NC_031267.1,Gordonia_terrae,test
NC_031269.1,Gordonia_terrae,test
NC_031271.1,Salmonella_enterica,test
NC_031274.1,Pseudomonas_aeruginosa,test
NC_031277.1,Mycolicibacterium_smegmatis,test
NC_031279.1,Mycolicibacterium_smegmatis,test
NC_031280.1,Acinetobacter_baumannii,test
NC_031281.1,Mycolicibacterium_smegmatis,test
NC_031901.1,Streptococcus_pneumoniae,test
NC_031902.1,Salmonella_enterica,test
NC_031904.1,Flavobacterium_psychrophilum,test
NC_031905.1,Flavobacterium_psychrophilum,test
NC_031907.1,Streptococcus_pneumoniae,test
NC_031908.1,Pseudoalteromonas_marina,test
NC_031909.1,Campylobacter_jejuni,test
NC_031910.1,Streptococcus_pneumoniae,test
NC_031911.1,Flavobacterium_psychrophilum,test
NC_031912.1,Flavobacterium_psychrophilum,test
NC_031913.1,Streptococcus_pneumoniae,test
NC_031914.1,Flavobacterium_psychrophilum,test
NC_031915.1,Streptococcus_pneumoniae,test
NC_031917.1,Pseudoalteromonas_atlantica,test
NC_031918.1,Salmonella_enterica,test
NC_031919.1,Flavobacterium_psychrophilum,test
NC_031920.1,Streptococcus_pneumoniae,test
NC_031921.1,Flavobacterium_psychrophilum,test
NC_031923.1,Streptococcus_pneumoniae,test
NC_031924.1,Klebsiella_pneumoniae,test
NC_031925.1,Salmonella_enterica,test
NC_031926.1,Flavobacterium_psychrophilum,test
NC_031928.1,Escherichia_coli,test
NC_031929.1,Streptococcus_pneumoniae,test
NC_031930.1,Salmonella_enterica,test
NC_031931.1,Flavobacterium_psychrophilum,test
NC_031932.1,Flavobacterium_psychrophilum,test
NC_031934.1,Escherichia_coli,test
NC_031936.1,Gordonia_alkanivorans,test
NC_031937.1,Escherichia_coli,test
NC_031938.1,Flavobacterium_psychrophilum,test
NC_031939.1,Salmonella_enterica,test
NC_031940.1,Salmonella_enterica,test
NC_031941.1,Streptococcus_pneumoniae,test
NC_031942.1,Streptococcus_pneumoniae,test
NC_031943.1,Escherichia_coli,test
NC_031945.1,Flavobacterium_psychrophilum,test
NC_031946.1,Salmonella_enterica,test
NC_034248.1,Rhizobium_etli,test
NC_034619.1,Sulfolobus_islandicus,test
NC_034620.1,Sulfolobus_islandicus,test
NC_034621.1,Sulfolobus_islandicus,test
NC_034623.1,Sulfolobus_islandicus,test
NC_034624.1,Sulfolobus_islandicus,test
NC_034625.1,Sulfolobus_islandicus,test
NC_034627.1,Sulfolobus_islandicus,test
NC_034628.1,Sulfolobus_islandicus,test
NC_036595.1,Aeropyrum_pernix,test
U38906.1,Lactococcus_lactis,train
X99260.1,Bacillus_subtilis,train
Y13918.1,Pseudomonas_aeruginosa,train
